HOTEL;LLEGADA_MES;LLEGADA_DIAm;LLEGADA_DIAs;LLEGADA_AVANCE;SALIDA_MES;SALIDA_DIAm;SALIDA_DIAs;SALIDA_AVANCE;NOCHES;DURACION_ESTANCIA;REGIMEN;TIPO;USO;PAX_NUM;PAX_CAT;ADULTOS;NENES;BEBES;TIPO_CLIENTE;CLIENTE;GRUPO;MONEDA;SUPLETORIA;CUNAS;FECHA_TOMA_MES;FECHA_TOMA_DIAm;FECHA_TOMA_DIAs;FECHA_TOMA_AVANCE;LT_TOMA_LLEGADA;FIDELIDAD;COMERCIALIZADORA;VALOR_USD;VALOR_USD_PAX;VALOR_USD_NOCHE;VALOR_USD_PAX_NOCHE;GRATIS;PAIS;CONTINENTE;SEGMENTO;FUENTE_NEGOCIO
ComplejoCostaMujeres;1;1;1;Calculado;1;1;1;Calculado;Calculado y <247;Calculado y:;AllInclusive;BAVAmbassadorSuitePOV;int 1-6;Calculado y 1-8;Calculado y:;int 0-8;int 0-6;int 0-3;1;(Ecomm)CLUBTURAVIASAdeCV;int 0-1;USD;int 0-1;int 0-3;1;1;1;Calculado;Calculado;Ninguna;int 0-1;Calculado por Metamodelo;Calcular;Calcular;Calcular;int 0-1;ESPANA;Obtenido por df_paises y:;BAR;CORPORATE
ComplejoPuntaCana;2;2;2;;2;2;2;;;Corta;AlojamientoyDesayuno;BAVJuniorSuiteBS;;;Familias;;;;2;(NOUSAR)BADATOURS;;BRL;;;2;2;2;;;PalladiumConnect;;;;;;;AFGANISTAN;AFRICA;Complimentary;DIRECTSALES
ComplejoRivieraMaya;3;3;3;;3;3;3;;;Larga;Desconocido;BAVJuniorSuiteGV;;;Parejas;;;;9;(NOUSAR)GLOBALTRAVELINTERNATIONAL(FL);;DOP;;;3;3;3;;;PalladiumRewards;;;;;;;ALBANIA;AMERICA;FixedRates;E-COMMERCE
DominicanFiestaHotel&Casino;4;4;4;;4;4;4;;;Media;MediaPension;BAVJuniorSuiteSWPOV;;;Single;;;;;(NOUSAR)RUTAMAYATRAVELSADECV;;JMD;;;4;4;4;;;WyndHamRewards;;;;;;;ALEMANIA;ANTARTIDA;GroupLeisure;OTHERS
GrandPalladiumImbassaiResort&Spa;5;5;5;;5;5;5;;;MuyLarga;PensionCompleta;BAVPremiumJSGV;;;;;;;;(NOUSAR)SARAPETROLETRAVELS;;MXN;;;5;5;5;;;;;;;;;;ANDORRA;ASIA;Loyalty;T,O,/T,A,
GrandPalladiumJamaica&LadyHamiltonResort;6;6;6;;6;6;6;;;SinPernocta;SoloAlojamiento;BAVRomanceSuiteBS;;;;;;;;360oTOUROPERADOR;;;;;6;6;6;;;;;;;;;;ANGOLA;DESCONOCIDO;MICE;
PalladiumVallarta;7;7;7;;7;7;7;;;;;BAVRomanceSuiteGV;;;;;;;;3D'SLIFESTYLEBOOKING;;;;;7;7;7;;;;;;;;;;ANGUILLA;EURESTE;Miscellaneous;
TRSCapCana;8;8;;;8;8;;;;;;BAVRooftopJTJS;;;;;;;;7THHEAVENJAMAICATRAVEL;;;;;8;8;;;;;;;;;;;ANTARTIDA;EUROPA;Opaque;
;9;9;;;9;9;;;;;;BAVRooftopJTST;;;;;;;;A&BMaster;;;;;9;9;;;;;;;;;;;ANTIGUAYBARBUDA;OCEANIA;Package;
;10;10;;;10;10;;;;;;BAVSignatureSuitePOV;;;;;;;;AAAOHIOAUTOCLUB;;;;;10;10;;;;;;;;;;;ARABIASAUDI;ORIENTEM;TravelIndustry;
;11;11;;;11;11;;;;;;BAVSuperiorJSBS;;;;;;;;"AANDB;CARIBEANTRAVEL;LLC";;;;;11;11;;;;;;;;;;;ARABIASAUDITA;;Weddings;
;12;12;;;12;12;;;;;;BAVSuperiorJSGV;;;;;;;;AAVTRAVEL;;;;;12;12;;;;;;;;;;;ARGELIA;;;
;;13;;;;13;;;;;;CAPAmbassadorSTPSOV;;;;;;;;ABACOTURISMO;;;;;;13;;;;;;;;;;;ARGENTINA;;;
;;14;;;;14;;;;;;CAPJuniorSuiteMV;;;;;;;;ABBOTTRAVEL,LOMBARIHOLDINGSLIMITED;;;;;;14;;;;;;;;;;;ARMENIA;;;
;;15;;;;15;;;;;;CAPJuniorSuitePSOV;;;;;;;;AbreuOnline;;;;;;15;;;;;;;;;;;ARUBA;;;
;;16;;;;16;;;;;;CAPJuniorSuiteSW;;;;;;;;AbreuOnline-Brasil;;;;;;16;;;;;;;;;;;AUSTRALIA;;;
;;17;;;;17;;;;;;CAPJuniorSuiteSWMV;;;;;;;;ABTOURVIAJESUY,;;;;;;17;;;;;;;;;;;AUSTRIA;;;
;;18;;;;18;;;;;;CAPJuniorSuiteSWPS;;;;;;;;ACMEVIAGENSETURISMOLTDA;;;;;;18;;;;;;;;;;;AZERBAIYAN;;;
;;19;;;;19;;;;;;CAPSuiteJT;;;;;;;;ACROMAXDOMINICANA;;;;;;19;;;;;;;;;;;BAHAMAS;;;
;;20;;;;20;;;;;;CAPSuiteJTMV;;;;;;;;ACTRAVELAGENCYSRL,;;;;;;20;;;;;;;;;;;BAHREIN;;;
;;21;;;;21;;;;;;CAPSuiteJTOV;;;;;;;;ADAMADOMINICANREPUBLICSRL;;;;;;21;;;;;;;;;;;BANGLADES;;;
;;22;;;;22;;;;;;CAPSuitePoolsideOV;;;;;;;;ADSMUNDO;;;;;;22;;;;;;;;;;;BARBADOS;;;
;;23;;;;23;;;;;;CAPSuitePSMV;;;;;;;;AdvantosBrazilOperadoradeTurismoLtda,(Hotelb;;;;;;23;;;;;;;;;;;BELGICA;;;
;;24;;;;24;;;;;;CMUAmbassadorSTBS;;;;;;;;AENORDOMINICANASRL;;;;;;24;;;;;;;;;;;BELICE;;;
;;25;;;;25;;;;;;CMUAmbassadorSWBS;;;;;;;;AGAXTURTURISMO;;;;;;25;;;;;;;;;;;BENIN;;;
;;26;;;;26;;;;;;CMUFSAmbassadorSuiBS;;;;;;;;AGENCIACONSULTORATROPICALSRL;;;;;;26;;;;;;;;;;;BERMUDAS;;;
;;27;;;;27;;;;;;CMUFSJuniorSuiBSPOV;;;;;;;;AgenciadeCooperacionInternacionaldeCorea;;;;;;27;;;;;;;;;;;BIELORRUSIA;;;
;;28;;;;28;;;;;;CMUFSJuniorSuiteBS;;;;;;;;AGENCIADEVIAJESYTURISMOCIELOSABIERTOSSAS;;;;;;28;;;;;;;;;;;BOLIVIA;;;
;;29;;;;29;;;;;;CMUFSJuniorSuiteBSOV;;;;;;;;AgenciaSolTravel;;;;;;29;;;;;;;;;;;BOSNIAYHERCEGOVINA;;;
;;30;;;;30;;;;;;CMUFSJuniorSuitePABS;;;;;;;;AgentConnectPHG;;;;;;30;;;;;;;;;;;BOTSWANA;;;
;;31;;;;31;;;;;;CMUFSJuniorSuiteSWBS;;;;;;;;AGENTCONNECTPHGARG;;;;;;31;;;;;;;;;;;BRASIL;;;
;;;;;;;;;;;;CMUFSLoftSuiteJT;;;;;;;;AGENTCONNECTPHGBRL;;;;;;;;;;;;;;;;;BRUNEI;;;
;;;;;;;;;;;;CMUFSLoftSuiteJTOV;;;;;;;;AgentConnectPHGCAN;;;;;;;;;;;;;;;;;BULGARIA;;;
;;;;;;;;;;;;CMUFSLoftSuiteJTPOV;;;;;;;;AGENTCONNECTPHGCHI;;;;;;;;;;;;;;;;;BURKINAFASO;;;
;;;;;;;;;;;;CMUJuniorSuiteBS;;;;;;;;AGENTCONNECTPHGCOL;;;;;;;;;;;;;;;;;BUTAN;;;
;;;;;;;;;;;;CMUJuniorSuiteBSOV;;;;;;;;AgentConnectPHGESP;;;;;;;;;;;;;;;;;CABOVERDE;;;
;;;;;;;;;;;;CMUJuniorSuiteBSPOV;;;;;;;;AgentConnectPHGGBR;;;;;;;;;;;;;;;;;CAMBOYA;;;
;;;;;;;;;;;;CMUJuniorSuiteGV;;;;;;;;AgentConnectPHGGER;;;;;;;;;;;;;;;;;CAMERUN;;;
;;;;;;;;;;;;CMUJuniorSuitePA;;;;;;;;AgentConnectPHGMEX;;;;;;;;;;;;;;;;;CANADA;;;
;;;;;;;;;;;;CMUJuniorSuitePS;;;;;;;;AGENTCONNECTPHGPAR;;;;;;;;;;;;;;;;;CHAD;;;
;;;;;;;;;;;;CMUJuniorSuitePSOV;;;;;;;;AGENTCONNECTPHGPERU;;;;;;;;;;;;;;;;;CHILE;;;
;;;;;;;;;;;;CMUJuniorSuiteSWBS;;;;;;;;AGENTCONNECTPHGURU;;;;;;;;;;;;;;;;;CHINA;;;
;;;;;;;;;;;;CMULoftSuiteJT;;;;;;;;AgentConnectPHGUSA;;;;;;;;;;;;;;;;;CHIPRE;;;
;;;;;;;;;;;;CMUResidenceSuiBSPOV;;;;;;;;AGODACOMPANYPTELTD;;;;;;;;;;;;;;;;;COLOMBIA;;;
;;;;;;;;;;;;CMUSignatureSWBSOV;;;;;;;;AIRCANADAVACATIONS;;;;;;;;;;;;;;;;;COREADELSUR;;;
;;;;;;;;;;;;COLAmbassadorSuitePS;;;;;;;;AIRCANADAVACATIONSMONTREAL;;;;;;;;;;;;;;;;;COSTADEMARFIL;;;
;;;;;;;;;;;;COLDeluxeGardenView;;;;;;;;"AIRCENTURY;S,A,";;;;;;;;;;;;;;;;;COSTARICA;;;
;;;;;;;;;;;;COLJuniorSuiteGV;;;;;;;;AIRLIQUIDEDOMINICANASAS;;;;;;;;;;;;;;;;;CROACIA;;;
;;;;;;;;;;;;COLJuniorSuitePS;;;;;;;;"AKBAR;SRL";;;;;;;;;;;;;;;;;CUBA;;;
;;;;;;;;;;;;COLRomanceVillaSuiPS;;;;;;;;ALAMBRESYCABLES;;;;;;;;;;;;;;;;;CURAZAO;;;
;;;;;;;;;;;;Deluxe;;;;;;;;ALBERTOCRUZMANAGEMENTEIRL;;;;;;;;;;;;;;;;;DINAMARCA;;;
;;;;;;;;;;;;DFAMBASSADORSTOV;;;;;;;;"ALIADOSTRAVEL;S,A,S,";;;;;;;;;;;;;;;;;DOMINICA;;;
;;;;;;;;;;;;DFDELUXECITYVIEW;;;;;;;;ALLENDETRAVEL;;;;;;;;;;;;;;;;;ECUADOR;;;
;;;;;;;;;;;;DFDELUXECITYVIEWBALCO;;;;;;;;ALLSEASONSRL;;;;;;;;;;;;;;;;;EGIPTO;;;
;;;;;;;;;;;;DFDELUXEPOOLVIEW;;;;;;;;ALLSTARAGENCYSRL;;;;;;;;;;;;;;;;;ELSALVADOR;;;
;;;;;;;;;;;;DFDELUXEPOOLVIEWBALCO;;;;;;;;ALLTOURS;;;;;;;;;;;;;;;;;EMIRATOSARABESUNIDOS;;;
;;;;;;;;;;;;DFEXECUTIVECITYVIEW;;;;;;;;"ALLTRAVEL;S,A,";;;;;;;;;;;;;;;;;ESLOVAQUIA;;;
;;;;;;;;;;;;DFEXECUTIVEOCEANVIEW;;;;;;;;ALLVERANO;;;;;;;;;;;;;;;;;ESLOVENIA;;;
;;;;;;;;;;;;DFJUNIORSUITEDLXCV;;;;;;;;ALMANZARESTEVEZSRL;;;;;;;;;;;;;;;;;ESTADOSUNIDOS;;;
;;;;;;;;;;;;DFJUNIORSUITEEXTCV;;;;;;;;ALMUNDO,COMSRL;;;;;;;;;;;;;;;;;ESTONIA;;;
;;;;;;;;;;;;DFMASTERSUITEPV;;;;;;;;AlpitourS,p,A,;;;;;;;;;;;;;;;;;ETIOPIA;;;
;;;;;;;;;;;;DFSUITEDELUXEPV;;;;;;;;"ALTICEDOMINICANA;S,A,";;;;;;;;;;;;;;;;;FILIPINAS;;;
;;;;;;;;;;;;DFSUITEEXECUTIVEOV;;;;;;;;ALTRAVEL;;;;;;;;;;;;;;;;;FINLANDIA;;;
;;;;;;;;;;;;DobleEstandar;;;;;;;;ALTURAPROPERTIES;;;;;;;;;;;;;;;;;FIYI;;;
;;;;;;;;;;;;DobleExecutive;;;;;;;;"AmcorRigidPlasticsDominicana;S,R,L,";;;;;;;;;;;;;;;;;FRANCIA;;;
;;;;;;;;;;;;JAMJuniorSuiteGV;;;;;;;;"AMERICACRUISEFERRIES;INC,";;;;;;;;;;;;;;;;;GABON;;;
;;;;;;;;;;;;JAMJuniorSuiteOFV;;;;;;;;AMERICANAIRLINESVACATIONS;;;;;;;;;;;;;;;;;GEORGIA;;;
;;;;;;;;;;;;JAMJuniorSuitePS;;;;;;;;AMERICANEXECUTIVEINTERNATIONAL;;;;;;;;;;;;;;;;;GIBRALTAR;;;
;;;;;;;;;;;;JAMJuniorSuitePSOV;;;;;;;;AMISASSOCIATIONFORMUSICININTERNATIONALSCHOOL;;;;;;;;;;;;;;;;;GRANADA;;;
;;;;;;;;;;;;JAMSuiteGardenView;;;;;;;;ANASTACIA'STRAVELSERVICES;;;;;;;;;;;;;;;;;GRECIA;;;
;;;;;;;;;;;;JAMSuiteOFV;;;;;;;;ANCORADOUROVIAGENS;;;;;;;;;;;;;;;;;GUADALUPE;;;
;;;;;;;;;;;;JAMSupJSPPBS;;;;;;;;ANDINATOURMAYORISTAYEXCURSIONES;;;;;;;;;;;;;;;;;GUAM;;;
;;;;;;;;;;;;JAMSupJSPPOV;;;;;;;;AnexTourismWorldwideDMCC(Russia);;;;;;;;;;;;;;;;;GUATEMALA;;;
;;;;;;;;;;;;JAMSupSuitePPOFV;;;;;;;;ANGELESTOURS;;;;;;;;;;;;;;;;;GUAYANA;;;
;;;;;;;;;;;;JuniorSuite;;;;;;;;ANTILLANADOMINICANASRL;;;;;;;;;;;;;;;;;GUAYANAFRANCESA;;;
;;;;;;;;;;;;JuniorSuiteDeluxe;;;;;;;;APLUSCONSULTINGGROUPAPCGSRL;;;;;;;;;;;;;;;;;GUINEA;;;
;;;;;;;;;;;;JuniorSuiteExecutive;;;;;;;;APOTEOSICOTRAVEL;;;;;;;;;;;;;;;;;HAITI;;;
;;;;;;;;;;;;KANAmbassadorSuite;;;;;;;;APPLETRAVELSaS;;;;;;;;;;;;;;;;;HONDURAS;;;
;;;;;;;;;;;;KANDeluxeGardenView;;;;;;;;APPLEVACATIONSALG;;;;;;;;;;;;;;;;;HONGKONG;;;
;;;;;;;;;;;;KANFSJSSWIMUP;;;;;;;;APPLEVACATIONSTMTC;;;;;;;;;;;;;;;;;HUNGRIA;;;
;;;;;;;;;;;;KANFSJUNIORSUITEGV;;;;;;;;ARBAJETOURS;;;;;;;;;;;;;;;;;INDIA;;;
;;;;;;;;;;;;KANJuniorSuiteGV;;;;;;;;ARCHERTRAVELGROUP;;;;;;;;;;;;;;;;;INDONESIA;;;
;;;;;;;;;;;;KANResidenceSuiteBS;;;;;;;;ARCLADREPUBLICADOMINICANASRL;;;;;;;;;;;;;;;;;IRAK;;;
;;;;;;;;;;;;KANRomanceVillaSuiBS;;;;;;;;ARYYVEIncDBAARYYVEVACATIONS;;;;;;;;;;;;;;;;;IRAN;;;
;;;;;;;;;;;;LHAmbassadorSuiteBSOV;;;;;;;;ASAPCRUISESANDTOURSUNLIMITED;;;;;;;;;;;;;;;;;IRLANDA;;;
;;;;;;;;;;;;LHJuniorSuiteBS;;;;;;;;ASOCIACIONCASAMISIONERADOMINICANAACMID;;;;;;;;;;;;;;;;;ISLADELHOMBRE;;;
;;;;;;;;;;;;LHJuniorSuiteBSOV;;;;;;;;ASOCIACIONCRISTIANAPARALAPROMOCIONDELASALUD;;;;;;;;;;;;;;;;;ISLADENAVIDAD;;;
;;;;;;;;;;;;LHJuniorSuiteGV;;;;;;;;ASOCIACIONDEAGUASVIVIENTES;;;;;;;;;;;;;;;;;ISLANDIA;;;
;;;;;;;;;;;;LHJuniorSuiteOV;;;;;;;;ASOCIACIONDOMINICANADEPROFESORES;;;;;;;;;;;;;;;;;ISLASALAND;;;
;;;;;;;;;;;;LHRomanceVillaSTOV;;;;;;;;ASOCIACIONINICIATIVALATINOAMERICANAPORLOSDATO;;;;;;;;;;;;;;;;;ISLASBERMUDAS;;;
;;;;;;;;;;;;LHSignatureResidence;;;;;;;;ASOCIACIONNACIONALDEFISICOCULTURISMOYFITNESS;;;;;;;;;;;;;;;;;ISLASCAIMAN;;;
;;;;;;;;;;;;LHSuiteBS;;;;;;;;ASPENTRAVEL;;;;;;;;;;;;;;;;;ISLASFEROE;;;
;;;;;;;;;;;;LHSuiteBSOV;;;;;;;;ASSESSORSDEVIATGESESTRAVELS,L,;;;;;;;;;;;;;;;;;ISLASTURCASYCAICOS;;;
;;;;;;;;;;;;LHSuiteBSPOV;;;;;;;;ATIMETOTREASURETRAVELLLC;;;;;;;;;;;;;;;;;ISLASULTRAMARINASMENORESDEESTADOSUNIDOS;;;
;;;;;;;;;;;;LHSuiteGV;;;;;;;;ATIPAXMUNDOS,A,C;;;;;;;;;;;;;;;;;ISLASVIRGENESBRITANICAS;;;
;;;;;;;;;;;;LHSuiteOV;;;;;;;;ATIPAXPERUS,R,L;;;;;;;;;;;;;;;;;ISLASVIRGENESDELOSESTADOSUNIDOS;;;
;;;;;;;;;;;;NoUsar*CMUAMBSTBS;;;;;;;;ATKINSTRAVELANDSERVICES;;;;;;;;;;;;;;;;;ISRAEL;;;
;;;;;;;;;;;;NoUsar*CMUJSBS;;;;;;;;ATOMDOMINICANA;;;;;;;;;;;;;;;;;ITALIA;;;
;;;;;;;;;;;;NoUsar*CMUJSBSOV;;;;;;;;ATPITRAVELANDEVENTSCANADAINC,;;;;;;;;;;;;;;;;;JAMAICA;;;
;;;;;;;;;;;;NoUsar*CMUJSBSPOV;;;;;;;;ATSVIAGENSETURISMOLTDA,;;;;;;;;;;;;;;;;;JAPON;;;
;;;;;;;;;;;;NoUsar*CMUJSSWBS;;;;;;;;AuquincoEvents&Conventions;;;;;;;;;;;;;;;;;JERSEY;;;
;;;;;;;;;;;;PALDeluxeBeachside;;;;;;;;Avantrip,comSRL;;;;;;;;;;;;;;;;;JORDANIA;;;
;;;;;;;;;;;;PALDeluxeBSPOV;;;;;;;;AVIATURS,A;;;;;;;;;;;;;;;;;KAZAJISTAN;;;
;;;;;;;;;;;;PALDeluxeGardenView;;;;;;;;AVIATURS,A,S;;;;;;;;;;;;;;;;;KENIA;;;
;;;;;;;;;;;;PALJuniorSuiteBS;;;;;;;;AVOLARPORELMUNDO;;;;;;;;;;;;;;;;;KUWAIT;;;
;;;;;;;;;;;;PALJuniorSuiteBSOV;;;;;;;;AVOYATRAVEL;;;;;;;;;;;;;;;;;LAOS;;;
;;;;;;;;;;;;PALJuniorSuiteGV;;;;;;;;B,HOTEIS/BELVITUR;;;;;;;;;;;;;;;;;LETONIA;;;
;;;;;;;;;;;;PALJuniorSuiteSWBS;;;;;;;;BACHIPLANESMODERNOSSRL;;;;;;;;;;;;;;;;;LIBANO;;;
;;;;;;;;;;;;PALLoftSuiteBS;;;;;;;;BADATOURS;;;;;;;;;;;;;;;;;LIBERIA;;;
;;;;;;;;;;;;PALLoftSuiteBSPOV;;;;;;;;BAHIATOURSSA;;;;;;;;;;;;;;;;;LIBIA;;;
;;;;;;;;;;;;PALLoftSuiteGV;;;;;;;;BAHIATRAVELOPERADORA;;;;;;;;;;;;;;;;;LIECHTENSTEIN;;;
;;;;;;;;;;;;PCDeluxeGardenView;;;;;;;;BANCOBRASOPERADORA;;;;;;;;;;;;;;;;;LITUANIA;;;
;;;;;;;;;;;;PCDeluxePoolside;;;;;;;;BANCOBRASVIAGENSETURISMOLTDA;;;;;;;;;;;;;;;;;LUXEMBURGO;;;
;;;;;;;;;;;;PCJuniorSuiteGV;;;;;;;;BANQUETES&EVENTOS;;;;;;;;;;;;;;;;;MACAO;;;
;;;;;;;;;;;;PCJuniorSuitePoolside;;;;;;;;BAOBABOPERADOR;;;;;;;;;;;;;;;;;MACEDONIA;;;
;;;;;;;;;;;;PCLoftFamilySuite;;;;;;;;BAOBABOPERADORSADECV;;;;;;;;;;;;;;;;;MALASIA;;;
;;;;;;;;;;;;PCLoftSuiteGV;;;;;;;;BAUERFUNDACIONESDOMINICANASRL;;;;;;;;;;;;;;;;;MALAWI;;;
;;;;;;;;;;;;PCPremiumJSPS;;;;;;;;BCDTRAVELBRASILTURISMOSAEVENTS;;;;;;;;;;;;;;;;;MALI;;;
;;;;;;;;;;;;PremiumJuniorSuite;;;;;;;;BDOSRL;;;;;;;;;;;;;;;;;MALTA;;;
;;;;;;;;;;;;Presidencial;;;;;;;;BellaBearGift&TravelServices;;;;;;;;;;;;;;;;;MARRUECOS;;;
;;;;;;;;;;;;PVRAmbassadorSuitePOV;;;;;;;;BENIGNOZAPATEROSRL;;;;;;;;;;;;;;;;;MARTINICA;;;
;;;;;;;;;;;;PVRDeluxeGardenView;;;;;;;;"BEPENSADOMINICANA;S,A,";;;;;;;;;;;;;;;;;MAURICIO;;;
;;;;;;;;;;;;PVRDeluxeOceanView;;;;;;;;BESPOKE;;;;;;;;;;;;;;;;;MAURITANIA;;;
;;;;;;;;;;;;PVRDeluxeOFV;;;;;;;;BESTCO;;;;;;;;;;;;;;;;;MEXICO;;;
;;;;;;;;;;;;PVRDeluxePOV;;;;;;;;BESTRAVELMAYORISTADETURISMO;;;;;;;;;;;;;;;;;MICRONESIA;;;
;;;;;;;;;;;;PVRFSJuniorSuiteGV;;;;;;;;BESVACATIONS&DMC;;;;;;;;;;;;;;;;;MINORITARIOS;;;
;;;;;;;;;;;;PVRJuniorSuiteGV;;;;;;;;BIBLOSTRAVEL;;;;;;;;;;;;;;;;;MOLDAVIA;;;
;;;;;;;;;;;;PVRJuniorSuiteOV;;;;;;;;BIOAGROINTERNACIONALSRL;;;;;;;;;;;;;;;;;MONACO;;;
;;;;;;;;;;;;PVRSignatureSuitePOV;;;;;;;;BIONUCLEAR;;;;;;;;;;;;;;;;;MONGOLIA;;;
;;;;;;;;;;;;PVRSuitePOV;;;;;;;;"BLESSEDBALLERSACADEMY;SRL";;;;;;;;;;;;;;;;;MONTENEGRO;;;
;;;;;;;;;;;;SSAJuniorSuiteGV;;;;;;;;BLUEBAYTRAVEL;;;;;;;;;;;;;;;;;MYANMAR;;;
;;;;;;;;;;;;SSAJuniorSuitePS;;;;;;;;BODASNACIONALES(MX);;;;;;;;;;;;;;;;;NAMIBIA;;;
;;;;;;;;;;;;SSAPremiumJSGV;;;;;;;;BOLSATURISTICADELCARIBEBTC;;;;;;;;;;;;;;;;;NETHERLANDSANTILLES;;;
;;;;;;;;;;;;SSASLJuniorSuite;;;;;;;;BOOKING,COMBRASILSERVICOSDERESERVADEHOTEISL;;;;;;;;;;;;;;;;;NICARAGUA;;;
;;;;;;;;;;;;SuiteDeluxe;;;;;;;;BOOKINGEUROPEBV;;;;;;;;;;;;;;;;;NIGER;;;
;;;;;;;;;;;;TripleDeluxe;;;;;;;;BOOMSEVENTS;;;;;;;;;;;;;;;;;NIGERIA;;;
;;;;;;;;;;;;TRSAmbassadorSTBSOV;;;;;;;;"BORACAYVENTURES;S,A";;;;;;;;;;;;;;;;;NORUEGA;;;
;;;;;;;;;;;;TRSAmbassadorSTSWBSOV;;;;;;;;BOUNDLESSSHORESTRAVEL;;;;;;;;;;;;;;;;;NUEVAZELANDA;;;
;;;;;;;;;;;;TRSAmbassadorSuite;;;;;;;;BRASILCOOLTURISMOLTDA-ME;;;;;;;;;;;;;;;;;OMAN;;;
;;;;;;;;;;;;TRSAmbassadorSuitePOV;;;;;;;;BRINSA;;;;;;;;;;;;;;;;;PAISESBAJOS;;;
;;;;;;;;;;;;TRSCAmbassadorSTBSOV;;;;;;;;BRITISHAIRWAYSHOLIDAYSLTD;;;;;;;;;;;;;;;;;PAKISTAN;;;
;;;;;;;;;;;;TRSCAmbassadorSTSWBSOV;;;;;;;;BROCORPORATIONSRL;;;;;;;;;;;;;;;;;PALESTINA;;;
;;;;;;;;;;;;TRSCJuniorSuiteBS;;;;;;;;BRTREPASSE-BREMENTURAGENCIADETURISMOLTDA;;;;;;;;;;;;;;;;;PANAMA;;;
;;;;;;;;;;;;TRSCJuniorSuiteBSOV;;;;;;;;BSKMAYPRISTADETURISMOCIA,LTDA,/BLUESKY;;;;;;;;;;;;;;;;;PARAGUAY;;;
;;;;;;;;;;;;TRSCJuniorSuiteGV;;;;;;;;BTRAVELBYBCDTRAVEL;;;;;;;;;;;;;;;;;PERU;;;
;;;;;;;;;;;;TRSCJuniorSuiteOV;;;;;;;;BUENOHOTELS,R,L,;;;;;;;;;;;;;;;;;POLINESIAFRANCES;;;
;;;;;;;;;;;;TRSCJuniorSuiteSW;;;;;;;;BUZZCATIONSTRAVELSERVICES;;;;;;;;;;;;;;;;;POLONIA;;;
;;;;;;;;;;;;TRSCJuniorSuiteSWBS;;;;;;;;BWTOPERADORA;;;;;;;;;;;;;;;;;PORTUGAL;;;
;;;;;;;;;;;;TRSCJuniorSuiteSWBSOV;;;;;;;;BYEBYEGmbH;;;;;;;;;;;;;;;;;PUERTORICO;;;
;;;;;;;;;;;;TRSCLoftSuiteBSOV;;;;;;;;CALLCENTER;;;;;;;;;;;;;;;;;QATAR;;;
;;;;;;;;;;;;TRSCLoftSuiteJT;;;;;;;;CALLCENTER-DE;;;;;;;;;;;;;;;;;REINOUNIDO;;;
;;;;;;;;;;;;TRSCLoftSuiteJTOV;;;;;;;;CAMILA&BROOKSRL;;;;;;;;;;;;;;;;;REPDEMOCRATICADELCONGO;;;
;;;;;;;;;;;;TRSCSignatureSTBSPOV;;;;;;;;"Campusano&Asociados;SRL";;;;;;;;;;;;;;;;;REPUBLICACENTROAFRICANA;;;
;;;;;;;;;;;;TRSCSignatureSTSWBSPOV;;;;;;;;CANOINDUSTRIALS,R,L,;;;;;;;;;;;;;;;;;REPUBLICACHECA;;;
;;;;;;;;;;;;TRSJacuzziTerrSuiBS;;;;;;;;CARIBBEANBROILERS;;;;;;;;;;;;;;;;;REPUBLICADEKOSOVO;;;
;;;;;;;;;;;;TRSJSJacuzziTerrPS;;;;;;;;CARIBBEANDREAMTOUROPERADORSRL;;;;;;;;;;;;;;;;;REPUBLICADOMINICANA;;;
;;;;;;;;;;;;TRSJuniorSuiteBS;;;;;;;;CARIBBEANSERVICESCHILE;;;;;;;;;;;;;;;;;REUNIONYMAYOTTE;;;
;;;;;;;;;;;;TRSJuniorSuiteBSOV;;;;;;;;CARIBBEANTOURSDOMINICANAAGSRL;;;;;;;;;;;;;;;;;RUMANIA;;;
;;;;;;;;;;;;TRSJuniorSuiteGV;;;;;;;;"CARIBECOMERCIAL;S,R,L";;;;;;;;;;;;;;;;;RUSIA;;;
;;;;;;;;;;;;TRSJuniorSuiteGV/PV;;;;;;;;CARREFOUR;;;;;;;;;;;;;;;;;SAMOAAMERICANA;;;
;;;;;;;;;;;;TRSJuniorSuiteOV;;;;;;;;CASAMIAFOODSERVICESRL;;;;;;;;;;;;;;;;;SANCRISTOBALYNIEVES;;;
;;;;;;;;;;;;TRSJuniorSuitePPGV;;;;;;;;CATIVAOPERADORA;;;;;;;;;;;;;;;;;SANMARINO;;;
;;;;;;;;;;;;TRSJuniorSuitePPPS;;;;;;;;CAVATRAVELALEXISEDUARDOCABALLEROVALENCIA;;;;;;;;;;;;;;;;;SANPEDROYMIQUELON;;;
;;;;;;;;;;;;TRSJuniorSuitePS;;;;;;;;CD_INSPIROTRAVEL-RUSIA;;;;;;;;;;;;;;;;;SANTALUCIA;;;
;;;;;;;;;;;;TRSJuniorSuitePSOV;;;;;;;;CD_OLRMAYORISTA;;;;;;;;;;;;;;;;;SANVICENTEYLASGRANADINAS;;;
;;;;;;;;;;;;TRSJuniorSuiteSW;;;;;;;;CD_PALLADIUMTRAVELCLUB_SEMANABENEFICIO;;;;;;;;;;;;;;;;;SENEGAL;;;
;;;;;;;;;;;;TRSJuniorSuiteSWBS;;;;;;;;CD_TUISUISSELtd,;;;;;;;;;;;;;;;;;SERBIA;;;
;;;;;;;;;;;;TRSJuniorSuiteSWBSOV;;;;;;;;CEDEN;;;;;;;;;;;;;;;;;SIERRALEONA;;;
;;;;;;;;;;;;TRSJuniorSuiteSwimUp;;;;;;;;CEDHITOURSS,A,S;;;;;;;;;;;;;;;;;SINGAPUR;;;
;;;;;;;;;;;;TRSLoftSuiteBSOV;;;;;;;;CEDOKA,S,;;;;;;;;;;;;;;;;;SINPAIS;;;
;;;;;;;;;;;;TRSLoftSuiteJT;;;;;;;;CENTRALVIAGENSEOPERACOESDETURISMOLTDA;;;;;;;;;;;;;;;;;SINTMAARTEN;;;
;;;;;;;;;;;;TRSLoftSuiteJTOV;;;;;;;;CENTROCUESTANACIONAL;;;;;;;;;;;;;;;;;SIRIA;;;
;;;;;;;;;;;;TRSRomanceBWbythelake;;;;;;;;CENTRODEEXPORTACIONEINVERSIONDEREP,DOM,;;;;;;;;;;;;;;;;;SOMALIA;;;
;;;;;;;;;;;;TRSRomanceSuitePS;;;;;;;;CERARTE;;;;;;;;;;;;;;;;;SRILANKA;;;
;;;;;;;;;;;;TRSRomanceSuiteSW;;;;;;;;CHASMATOURSS,A,;;;;;;;;;;;;;;;;;SUAZILANDIA;;;
;;;;;;;;;;;;TRSSignatureSTBSPOV;;;;;;;;CHEBETRANSFERSSADECV;;;;;;;;;;;;;;;;;SUDAFRICA;;;
;;;;;;;;;;;;TRSSignatureSTSWBSPOV;;;;;;;;CHECKINGROUPS,A,C,;;;;;;;;;;;;;;;;;SUDAN;;;
;;;;;;;;;;;;TRSSTJacuzziTerrPS;;;;;;;;CHECKINGROUPSRL;;;;;;;;;;;;;;;;;SUECIA;;;
;;;;;;;;;;;;TRSSuiteGardenView;;;;;;;;CHECKINTRAVELFERNANDEZLORENAEVA;;;;;;;;;;;;;;;;;SUIZA;;;
;;;;;;;;;;;;TRSSuitePoolside;;;;;;;;CICCOLOMBIATRAVELSAS;;;;;;;;;;;;;;;;;SURINAM;;;
;;;;;;;;;;;;TRSSuitePPGV;;;;;;;;"CICLAUTOAUTOMOCION;S,L,";;;;;;;;;;;;;;;;;TAILANDIA;;;
;;;;;;;;;;;;TRSSuitePPPS;;;;;;;;CICPERUTRAVELSAC;;;;;;;;;;;;;;;;;TAIWAN;;;
;;;;;;;;;;;;TRSVillaSuitePoolside;;;;;;;;CIELOSABIERTOSLTDA;;;;;;;;;;;;;;;;;TANZANIA;;;
;;;;;;;;;;;;TRSVillaSuiteSwimUp;;;;;;;;CLASSICCOLLECTIONHOLIDAYS;;;;;;;;;;;;;;;;;TAYIKISTAN;;;
;;;;;;;;;;;;WSJuniorSuiteBS;;;;;;;;CLASSICVACATIONS;;;;;;;;;;;;;;;;;TRINIDADYTOBAGO;;;
;;;;;;;;;;;;WSJuniorSuiteGV;;;;;;;;CLEVERTOURS,COMGMBH;;;;;;;;;;;;;;;;;TUNEZ;;;
;;;;;;;;;;;;WSRomanceBWbythelake;;;;;;;;CLIENTESREFERIDOS;;;;;;;;;;;;;;;;;TURQUIA;;;
;;;;;;;;;;;;WSSuiteBeachside;;;;;;;;CLIENTESREPETITIVOS;;;;;;;;;;;;;;;;;UCRANIA;;;
;;;;;;;;;;;;WSSuiteGardenView;;;;;;;;CLUBTURAVIASADECV(USD);;;;;;;;;;;;;;;;;UGANDA;;;
;;;;;;;;;;;;;;;;;;;;CLUBTURAVIASADECV-eComm(MXN);;;;;;;;;;;;;;;;;URUGUAY;;;
;;;;;;;;;;;;;;;;;;;;CNHTRAVELSERVICE(CASSANDRAHALL);;;;;;;;;;;;;;;;;UZBEKISTAN;;;
;;;;;;;;;;;;;;;;;;;;COASTLINETRAVELADVISORSINC;;;;;;;;;;;;;;;;;VENEZUELA;;;
;;;;;;;;;;;;;;;;;;;;COCOTALTRAVELRD;;;;;;;;;;;;;;;;;VIETNAM;;;
;;;;;;;;;;;;;;;;;;;;CODETEL;;;;;;;;;;;;;;;;;ZAMBIA;;;
;;;;;;;;;;;;;;;;;;;;COLEGIOCRISTIANOGENESISCHRISTIANSCHOOLSRL;;;;;;;;;;;;;;;;;ZIMBABUE;;;
;;;;;;;;;;;;;;;;;;;;COLONIALTOURS;;;;;;;;;;;;;;;;;;;;
;;;;;;;;;;;;;;;;;;;;COLRESERVASSAS;;;;;;;;;;;;;;;;;;;;
;;;;;;;;;;;;;;;;;;;;COMITEFLACSOREPUBLICADOMINICANA;;;;;;;;;;;;;;;;;;;;
;;;;;;;;;;;;;;;;;;;;COMMGROUP/CHEAPCARIBBEANALG;;;;;;;;;;;;;;;;;;;;
;;;;;;;;;;;;;;;;;;;;COMMGROUP/CHEAPCARIBBEANTMTC;;;;;;;;;;;;;;;;;;;;
;;;;;;;;;;;;;;;;;;;;COMVIAJES;;;;;;;;;;;;;;;;;;;;
;;;;;;;;;;;;;;;;;;;;CONDORFLUGDIENSTGMBH;;;;;;;;;;;;;;;;;;;;
;;;;;;;;;;;;;;;;;;;;CONEXTURCONEXIONTURISTICASA;;;;;;;;;;;;;;;;;;;;
;;;;;;;;;;;;;;;;;;;;CONFERENCIADELAFUERZASARMADASCENTROAMERICANAS;;;;;;;;;;;;;;;;;;;;
;;;;;;;;;;;;;;;;;;;;CONNECTINTEGRADORADESERVICIOSS,A,DEC,V,;;;;;;;;;;;;;;;;;;;;
;;;;;;;;;;;;;;;;;;;;CONOCEMASOPERADORADEVIAJES;;;;;;;;;;;;;;;;;;;;
;;;;;;;;;;;;;;;;;;;;CONSORCIOCOBRASEMI;;;;;;;;;;;;;;;;;;;;
;;;;;;;;;;;;;;;;;;;;CONSORCIOMONOTELSDC;;;;;;;;;;;;;;;;;;;;
;;;;;;;;;;;;;;;;;;;;CONSORCIOSEURECAMCG;;;;;;;;;;;;;;;;;;;;
;;;;;;;;;;;;;;;;;;;;CONSORCIOSMG;;;;;;;;;;;;;;;;;;;;
;;;;;;;;;;;;;;;;;;;;CONSULTHOUSETURISMOS,A;;;;;;;;;;;;;;;;;;;;
;;;;;;;;;;;;;;;;;;;;COOLINGEQUIPMENTTECNOLOGIES;;;;;;;;;;;;;;;;;;;;
;;;;;;;;;;;;;;;;;;;;COOPERATIVADEAHORROSCREDITOSYSERVICIOSMULTIP;;;;;;;;;;;;;;;;;;;;
;;;;;;;;;;;;;;;;;;;;COOPITStravelAG;;;;;;;;;;;;;;;;;;;;
;;;;;;;;;;;;;;;;;;;;CorporacionTuristicaEASAAlmendaresS,A,;;;;;;;;;;;;;;;;;;;;
;;;;;;;;;;;;;;;;;;;;CORPORATEINTERNACIONALPARTNERSSAC;;;;;;;;;;;;;;;;;;;;
;;;;;;;;;;;;;;;;;;;;CORPORATIVOGALES;;;;;;;;;;;;;;;;;;;;
;;;;;;;;;;;;;;;;;;;;COSMOPOLITANVIAJES;;;;;;;;;;;;;;;;;;;;
;;;;;;;;;;;;;;;;;;;;COSTAMARTRAVELCRUISE&TOURSINC;;;;;;;;;;;;;;;;;;;;
;;;;;;;;;;;;;;;;;;;;COSTCOCANADATRAVELINC,;;;;;;;;;;;;;;;;;;;;
;;;;;;;;;;;;;;;;;;;;COSTCOTRAVEL;;;;;;;;;;;;;;;;;;;;
;;;;;;;;;;;;;;;;;;;;CREATIVETRAVELMEXICO;;;;;;;;;;;;;;;;;;;;
;;;;;;;;;;;;;;;;;;;;CREATURMAYORISTADEVIAJESSADECV;;;;;;;;;;;;;;;;;;;;
;;;;;;;;;;;;;;;;;;;;CRLOPERADORADEHOTELES;;;;;;;;;;;;;;;;;;;;
;;;;;;;;;;;;;;;;;;;;CRLOPERADORADEHOTELESSADECV;;;;;;;;;;;;;;;;;;;;
;;;;;;;;;;;;;;;;;;;;CROWNETRAVELCENTRE;;;;;;;;;;;;;;;;;;;;
;;;;;;;;;;;;;;;;;;;;CRUISEONEFORTLAUDERDALE;;;;;;;;;;;;;;;;;;;;
;;;;;;;;;;;;;;;;;;;;CRUISEPLANNERSMAINOFFICE;;;;;;;;;;;;;;;;;;;;
;;;;;;;;;;;;;;;;;;;;CRUISESINC;;;;;;;;;;;;;;;;;;;;
;;;;;;;;;;;;;;;;;;;;CSATRAVELSALLINSAS;;;;;;;;;;;;;;;;;;;;
;;;;;;;;;;;;;;;;;;;;CSPCHILLERSERVICEPROVIDESRL;;;;;;;;;;;;;;;;;;;;
;;;;;;;;;;;;;;;;;;;;CTMTOURSS,A,C,;;;;;;;;;;;;;;;;;;;;
;;;;;;;;;;;;;;;;;;;;CUARTADIMENSION;;;;;;;;;;;;;;;;;;;;
;;;;;;;;;;;;;;;;;;;;CUNNINGHAM'SEXQUISITETRAVEL&TOURSERVICES;;;;;;;;;;;;;;;;;;;;
;;;;;;;;;;;;;;;;;;;;CVCBRASIL;;;;;;;;;;;;;;;;;;;;
;;;;;;;;;;;;;;;;;;;;D&TSERVICIOSTURISTICOSINTERNACIONALES;;;;;;;;;;;;;;;;;;;;
;;;;;;;;;;;;;;;;;;;;DAE;;;;;;;;;;;;;;;;;;;;
;;;;;;;;;;;;;;;;;;;;DANDMVACATIONTRAVELADVENTURES;;;;;;;;;;;;;;;;;;;;
;;;;;;;;;;;;;;;;;;;;DAVIAJES;;;;;;;;;;;;;;;;;;;;
;;;;;;;;;;;;;;;;;;;;DAYUSEYBODAS;;;;;;;;;;;;;;;;;;;;
;;;;;;;;;;;;;;;;;;;;Decolar,comLTDA;;;;;;;;;;;;;;;;;;;;
;;;;;;;;;;;;;;;;;;;;DELFOSOPERADORMAYORISTASRL;;;;;;;;;;;;;;;;;;;;
;;;;;;;;;;;;;;;;;;;;DELTAVACATIONS;;;;;;;;;;;;;;;;;;;;
;;;;;;;;;;;;;;;;;;;;DELUXEDESTINATIONPLANNERLIMITED;;;;;;;;;;;;;;;;;;;;
;;;;;;;;;;;;;;;;;;;;DERTOUR&MEIERS;;;;;;;;;;;;;;;;;;;;
;;;;;;;;;;;;;;;;;;;;DERTouristikDeutschlandGmbH;;;;;;;;;;;;;;;;;;;;
;;;;;;;;;;;;;;;;;;;;DERTOURROMANIA;;;;;;;;;;;;;;;;;;;;
;;;;;;;;;;;;;;;;;;;;DESARROLLOTURISTICOPARAGUAYOS,R,;;;;;;;;;;;;;;;;;;;;
;;;;;;;;;;;;;;;;;;;;DESIGNTOURSSRL;;;;;;;;;;;;;;;;;;;;
;;;;;;;;;;;;;;;;;;;;DESPEGAR(vuelo+hotel)USD;;;;;;;;;;;;;;;;;;;;
;;;;;;;;;;;;;;;;;;;;DESPEGAR,COMMEXICOS,A,DEC,V,;;;;;;;;;;;;;;;;;;;;
;;;;;;;;;;;;;;;;;;;;DESPEGAR,COMMEXICOS,A,DEC,V,LOCALUSD;;;;;;;;;;;;;;;;;;;;
;;;;;;;;;;;;;;;;;;;;DESTINATION2LIMITED;;;;;;;;;;;;;;;;;;;;
;;;;;;;;;;;;;;;;;;;;"DESTINATIONWORLDTRAVEL;LLC";;;;;;;;;;;;;;;;;;;;
;;;;;;;;;;;;;;;;;;;;DESTINOSMUNDIALES;;;;;;;;;;;;;;;;;;;;
;;;;;;;;;;;;;;;;;;;;DestinosTurismoInternacionaldelOriente;;;;;;;;;;;;;;;;;;;;
;;;;;;;;;;;;;;;;;;;;DHENTERPRISE/GreatValueVacations;;;;;;;;;;;;;;;;;;;;
;;;;;;;;;;;;;;;;;;;;DIASDEVIAJE;;;;;;;;;;;;;;;;;;;;
;;;;;;;;;;;;;;;;;;;;DIRECCIONGENERALDEETICAEINTEGRIDADGUBERNAMEN;;;;;;;;;;;;;;;;;;;;
;;;;;;;;;;;;;;;;;;;;DirectoMercadoLocalSDQyPUJ;;;;;;;;;;;;;;;;;;;;
;;;;;;;;;;;;;;;;;;;;DIRECTOSMERCADOLOCALCAP;;;;;;;;;;;;;;;;;;;;
;;;;;;;;;;;;;;;;;;;;DIRECTOVENTAS;;;;;;;;;;;;;;;;;;;;
;;;;;;;;;;;;;;;;;;;;DIRECTOVENTAS-DESIJIMENEZ;;;;;;;;;;;;;;;;;;;;
;;;;;;;;;;;;;;;;;;;;DIRECTOVENTAS-MARYE,SOSA;;;;;;;;;;;;;;;;;;;;
;;;;;;;;;;;;;;;;;;;;DIRECTOVENTAS-ROCIOA,PEPEN;;;;;;;;;;;;;;;;;;;;
;;;;;;;;;;;;;;;;;;;;DISCOVERINGTHEMAGICTRAVEL;;;;;;;;;;;;;;;;;;;;
;;;;;;;;;;;;;;;;;;;;DISCOVERMAYORISTADETURISMOSAC;;;;;;;;;;;;;;;;;;;;
;;;;;;;;;;;;;;;;;;;;DISFARCAMPSRL;;;;;;;;;;;;;;;;;;;;
;;;;;;;;;;;;;;;;;;;;DISTRIBUCIONESINDUSTRIALESVARIADASSRL;;;;;;;;;;;;;;;;;;;;
;;;;;;;;;;;;;;;;;;;;DISTRIBUIDORAFAGILSRL;;;;;;;;;;;;;;;;;;;;
;;;;;;;;;;;;;;;;;;;;DIVERSAVIAGENSETURISMOLTDA;;;;;;;;;;;;;;;;;;;;
;;;;;;;;;;;;;;;;;;;;DIVINESUNSETTRAVELAGENCY-TANYAFERRIL;;;;;;;;;;;;;;;;;;;;
;;;;;;;;;;;;;;;;;;;;DIVSAVIAJES;;;;;;;;;;;;;;;;;;;;
;;;;;;;;;;;;;;;;;;;;DNATATradingasYALAGO;;;;;;;;;;;;;;;;;;;;
;;;;;;;;;;;;;;;;;;;;DOCQUIRESTRAVEL&TOURS;;;;;;;;;;;;;;;;;;;;
;;;;;;;;;;;;;;;;;;;;DOMINICANENTERTAINMENTS,A,;;;;;;;;;;;;;;;;;;;;
;;;;;;;;;;;;;;;;;;;;DOMINICANFIESTAHOTEL&CASINO;;;;;;;;;;;;;;;;;;;;
;;;;;;;;;;;;;;;;;;;;DOMINICANGLOBALCYCLINGDOGLOCY;;;;;;;;;;;;;;;;;;;;
;;;;;;;;;;;;;;;;;;;;DORADOMAYORISTADETURISMOS,A,S,;;;;;;;;;;;;;;;;;;;;
;;;;;;;;;;;;;;;;;;;;DORA'STRAVELHAVEN;;;;;;;;;;;;;;;;;;;;
;;;;;;;;;;;;;;;;;;;;DREAMDESTINATION;;;;;;;;;;;;;;;;;;;;
;;;;;;;;;;;;;;;;;;;;DREAMDESTINATIONS;;;;;;;;;;;;;;;;;;;;
;;;;;;;;;;;;;;;;;;;;DREAMINGINVESTMENTSDRINSRL;;;;;;;;;;;;;;;;;;;;
;;;;;;;;;;;;;;;;;;;;DREAMSOPERATOR;;;;;;;;;;;;;;;;;;;;
;;;;;;;;;;;;;;;;;;;;"DRONENA;S,A,";;;;;;;;;;;;;;;;;;;;
;;;;;;;;;;;;;;;;;;;;DROSETRAVEL&SERVICESSRL;;;;;;;;;;;;;;;;;;;;
;;;;;;;;;;;;;;;;;;;;DRUMBATOURSSRL;;;;;;;;;;;;;;;;;;;;
;;;;;;;;;;;;;;;;;;;;DUTROS,R,L,/JAZZTOUROPERADOR;;;;;;;;;;;;;;;;;;;;
;;;;;;;;;;;;;;;;;;;;DYNASOFTS,R,L;;;;;;;;;;;;;;;;;;;;
;;;;;;;;;;;;;;;;;;;;EDDY`STOURS;;;;;;;;;;;;;;;;;;;;
;;;;;;;;;;;;;;;;;;;;EHTLRESERVASDEHOTEIS;;;;;;;;;;;;;;;;;;;;
;;;;;;;;;;;;;;;;;;;;ELALTERONSL;;;;;;;;;;;;;;;;;;;;
;;;;;;;;;;;;;;;;;;;;ELEGANTESCAPES;;;;;;;;;;;;;;;;;;;;
;;;;;;;;;;;;;;;;;;;;"ELEGANTRESORTS;IFONLYANDSUBSIDS";;;;;;;;;;;;;;;;;;;;
;;;;;;;;;;;;;;;;;;;;ELICSTRAVEL,COM;;;;;;;;;;;;;;;;;;;;
;;;;;;;;;;;;;;;;;;;;EliteDreamVacations;;;;;;;;;;;;;;;;;;;;
;;;;;;;;;;;;;;;;;;;;ELVERKINGINTERNATIONALSRL;;;;;;;;;;;;;;;;;;;;
;;;;;;;;;;;;;;;;;;;;EMBAJADADELOSESTADOSUNIDOS;;;;;;;;;;;;;;;;;;;;
;;;;;;;;;;;;;;;;;;;;EMBAJADADELOSPAISESBAJOS;;;;;;;;;;;;;;;;;;;;
;;;;;;;;;;;;;;;;;;;;EMBAJADAREP,DECOREA;;;;;;;;;;;;;;;;;;;;
;;;;;;;;;;;;;;;;;;;;EMELYTOURS;;;;;;;;;;;;;;;;;;;;
;;;;;;;;;;;;;;;;;;;;ENETSALESLTD//GUSTAZOSJAMAICA;;;;;;;;;;;;;;;;;;;;
;;;;;;;;;;;;;;;;;;;;EPICTRAVELS,A,C,;;;;;;;;;;;;;;;;;;;;
;;;;;;;;;;;;;;;;;;;;EQUINOXE;;;;;;;;;;;;;;;;;;;;
;;;;;;;;;;;;;;;;;;;;EQUIPANSRL;;;;;;;;;;;;;;;;;;;;
;;;;;;;;;;;;;;;;;;;;ESDENGINEERING&SERVICE;;;;;;;;;;;;;;;;;;;;
;;;;;;;;;;;;;;;;;;;;ESTURREPRESENTACIONESDEHOTELESSADECV;;;;;;;;;;;;;;;;;;;;
;;;;;;;;;;;;;;;;;;;;ETSTRAVELCATIONS;;;;;;;;;;;;;;;;;;;;
;;;;;;;;;;;;;;;;;;;;EUGENIOBAEZPONYLEAGUEBASEBALLANDSOFTBALLEN;;;;;;;;;;;;;;;;;;;;
;;;;;;;;;;;;;;;;;;;;EUROANDINO;;;;;;;;;;;;;;;;;;;;
;;;;;;;;;;;;;;;;;;;;EUROMUNDO;;;;;;;;;;;;;;;;;;;;
;;;;;;;;;;;;;;;;;;;;EUROMUNDOSADECV;;;;;;;;;;;;;;;;;;;;
;;;;;;;;;;;;;;;;;;;;EUROMUNDOSADECV(PREPAGO);;;;;;;;;;;;;;;;;;;;
;;;;;;;;;;;;;;;;;;;;EUROPLUSOPERADORA;;;;;;;;;;;;;;;;;;;;
;;;;;;;;;;;;;;;;;;;;EUROVIPS(SIGLOXXI/PAMSUR);;;;;;;;;;;;;;;;;;;;
;;;;;;;;;;;;;;;;;;;;EVACTIONS;;;;;;;;;;;;;;;;;;;;
;;;;;;;;;;;;;;;;;;;;EVOLUTIONTOUROPERADOR;;;;;;;;;;;;;;;;;;;;
;;;;;;;;;;;;;;;;;;;;EWDISCOVERGMBH;;;;;;;;;;;;;;;;;;;;
;;;;;;;;;;;;;;;;;;;;EXCELTOURSLINDAVISTA;;;;;;;;;;;;;;;;;;;;
;;;;;;;;;;;;;;;;;;;;EXCITINGTRAVELHOLIDAYS;;;;;;;;;;;;;;;;;;;;
;;;;;;;;;;;;;;;;;;;;EXCLUSIVEEXOTICWORLDTRAVEL;;;;;;;;;;;;;;;;;;;;
;;;;;;;;;;;;;;;;;;;;EXCLUSIVETRAVELDEALS;;;;;;;;;;;;;;;;;;;;
;;;;;;;;;;;;;;;;;;;;EXELENCIATOURS;;;;;;;;;;;;;;;;;;;;
;;;;;;;;;;;;;;;;;;;;EXITOVIAJESYTURISMOSAS;;;;;;;;;;;;;;;;;;;;
;;;;;;;;;;;;;;;;;;;;EXPANTOUR;;;;;;;;;;;;;;;;;;;;
;;;;;;;;;;;;;;;;;;;;EXPEDIA;;;;;;;;;;;;;;;;;;;;
;;;;;;;;;;;;;;;;;;;;ExpediaLodgingPartnerServicesSarl;;;;;;;;;;;;;;;;;;;;
;;;;;;;;;;;;;;;;;;;;EXPERTTRAVELLERSSRL;;;;;;;;;;;;;;;;;;;;
;;;;;;;;;;;;;;;;;;;;EXPLORELIFETRAVELINC;;;;;;;;;;;;;;;;;;;;
;;;;;;;;;;;;;;;;;;;;EXPRESSDESTINATIONZTRAVELSERVICES;;;;;;;;;;;;;;;;;;;;
;;;;;;;;;;;;;;;;;;;;EXPRESSIONZTRAVELS;;;;;;;;;;;;;;;;;;;;
;;;;;;;;;;;;;;;;;;;;FAIRYGODMOTHERTRAVELLLC;;;;;;;;;;;;;;;;;;;;
;;;;;;;;;;;;;;;;;;;;FEDERACIONDEBOLICHEDOMINICANA;;;;;;;;;;;;;;;;;;;;
;;;;;;;;;;;;;;;;;;;;FEDERACIONDOMINICANADECICLISMO;;;;;;;;;;;;;;;;;;;;
;;;;;;;;;;;;;;;;;;;;FEDERACIONDOMINICANADEFUTBOL;;;;;;;;;;;;;;;;;;;;
;;;;;;;;;;;;;;;;;;;;FEDERACIONDOMINICANADEJUDOINCORPORADA;;;;;;;;;;;;;;;;;;;;
;;;;;;;;;;;;;;;;;;;;FEDERACIONDOMINICANADETIROALPLATO;;;;;;;;;;;;;;;;;;;;
;;;;;;;;;;;;;;;;;;;;FERQUIDO;;;;;;;;;;;;;;;;;;;;
;;;;;;;;;;;;;;;;;;;;FIDEICOMISOFILANTROPICODELOSJUEGOSCENTROAMERI;;;;;;;;;;;;;;;;;;;;
;;;;;;;;;;;;;;;;;;;;FILM045SRL;;;;;;;;;;;;;;;;;;;;
;;;;;;;;;;;;;;;;;;;;FILM046SRL;;;;;;;;;;;;;;;;;;;;
;;;;;;;;;;;;;;;;;;;;FLEXIRDSRL;;;;;;;;;;;;;;;;;;;;
;;;;;;;;;;;;;;;;;;;;FLIGHTCENTRETRAVELGROUPCAN;;;;;;;;;;;;;;;;;;;;
;;;;;;;;;;;;;;;;;;;;FLIGHTCENTRETRAVELGROUPUK;;;;;;;;;;;;;;;;;;;;
;;;;;;;;;;;;;;;;;;;;FLIGHTCENTRETRAVELGROUPUSA;;;;;;;;;;;;;;;;;;;;
;;;;;;;;;;;;;;;;;;;;FLITEIITRAVELBEACHWOOD;;;;;;;;;;;;;;;;;;;;
;;;;;;;;;;;;;;;;;;;;FLORIDAVACATIONSINC;;;;;;;;;;;;;;;;;;;;
;;;;;;;;;;;;;;;;;;;;FLY&BUY;;;;;;;;;;;;;;;;;;;;
;;;;;;;;;;;;;;;;;;;;FLYTOURMMTVIAGENS;;;;;;;;;;;;;;;;;;;;
;;;;;;;;;;;;;;;;;;;;FMCLATINOAMERICASA;;;;;;;;;;;;;;;;;;;;
;;;;;;;;;;;;;;;;;;;;FOCOOPERADORATURISMOEEVENTOSLTDA;;;;;;;;;;;;;;;;;;;;
;;;;;;;;;;;;;;;;;;;;FONDODEPOBLACIONDELAS(O,N,U,);;;;;;;;;;;;;;;;;;;;
;;;;;;;;;;;;;;;;;;;;FORAGREENWICHANDWARREN;;;;;;;;;;;;;;;;;;;;
;;;;;;;;;;;;;;;;;;;;FOURANDFOURPRODUCTIONSRL;;;;;;;;;;;;;;;;;;;;
;;;;;;;;;;;;;;;;;;;;FOXMOORTRAVEL;;;;;;;;;;;;;;;;;;;;
;;;;;;;;;;;;;;;;;;;;FRAGAINDUSTRIALSAS;;;;;;;;;;;;;;;;;;;;
;;;;;;;;;;;;;;;;;;;;FREDERICKTRAVEL;;;;;;;;;;;;;;;;;;;;
;;;;;;;;;;;;;;;;;;;;FREEWAY(ARGENTINA);;;;;;;;;;;;;;;;;;;;
;;;;;;;;;;;;;;;;;;;;FREEWAYVIAJESUY;;;;;;;;;;;;;;;;;;;;
;;;;;;;;;;;;;;;;;;;;FRONTUR;;;;;;;;;;;;;;;;;;;;
;;;;;;;;;;;;;;;;;;;;FROSCHTRAVELNEWYORK;;;;;;;;;;;;;;;;;;;;
;;;;;;;;;;;;;;;;;;;;FRTINTERNATIONLLC;;;;;;;;;;;;;;;;;;;;
;;;;;;;;;;;;;;;;;;;;FRTOPERADORADETURISMO;;;;;;;;;;;;;;;;;;;;
;;;;;;;;;;;;;;;;;;;;FTIFRANCIA;;;;;;;;;;;;;;;;;;;;
;;;;;;;;;;;;;;;;;;;;FTITOURISTIKGMBH;;;;;;;;;;;;;;;;;;;;
;;;;;;;;;;;;;;;;;;;;FULCRUMSURFINC,;;;;;;;;;;;;;;;;;;;;
;;;;;;;;;;;;;;;;;;;;FULLTRIPSMAYORISTADEVIAJES;;;;;;;;;;;;;;;;;;;;
;;;;;;;;;;;;;;;;;;;;FUNDACIONEDUCATIVANEWLIFECHISTIANACADEMYINC;;;;;;;;;;;;;;;;;;;;
;;;;;;;;;;;;;;;;;;;;FUNDACIONHUMANISMOYDEMOCRACIAINC;;;;;;;;;;;;;;;;;;;;
;;;;;;;;;;;;;;;;;;;;FUNDACIONQUISQUEYAPORLASAMERICASINC;;;;;;;;;;;;;;;;;;;;
;;;;;;;;;;;;;;;;;;;;FUNDACIONREVISION;;;;;;;;;;;;;;;;;;;;
;;;;;;;;;;;;;;;;;;;;FUNJETVACATIONSALG;;;;;;;;;;;;;;;;;;;;
;;;;;;;;;;;;;;;;;;;;GARCIAFERNANDEZTURISMO;;;;;;;;;;;;;;;;;;;;
;;;;;;;;;;;;;;;;;;;;GATSBYDOMINICANASRL;;;;;;;;;;;;;;;;;;;;
;;;;;;;;;;;;;;;;;;;;GBIZSOLUTIONSN,V,;;;;;;;;;;;;;;;;;;;;
;;;;;;;;;;;;;;;;;;;;GDSBYSITEMINDER;;;;;;;;;;;;;;;;;;;;
;;;;;;;;;;;;;;;;;;;;GEAALMARAEVIAJES;;;;;;;;;;;;;;;;;;;;
;;;;;;;;;;;;;;;;;;;;GEAVIAJESGANDIA;;;;;;;;;;;;;;;;;;;;
;;;;;;;;;;;;;;;;;;;;GenesisWorldwideEntertainmentandTravelinc;;;;;;;;;;;;;;;;;;;;
;;;;;;;;;;;;;;;;;;;;GENIALLBUSINESSSRL;;;;;;;;;;;;;;;;;;;;
;;;;;;;;;;;;;;;;;;;;GEOTRAVEL;;;;;;;;;;;;;;;;;;;;
;;;;;;;;;;;;;;;;;;;;GESTUR;;;;;;;;;;;;;;;;;;;;
;;;;;;;;;;;;;;;;;;;;GETAROOM,COM;;;;;;;;;;;;;;;;;;;;
;;;;;;;;;;;;;;;;;;;;GLENSIDETRAVELAGENCY;;;;;;;;;;;;;;;;;;;;
;;;;;;;;;;;;;;;;;;;;GLOBALBOOKINGSOLUTIONS-LAMACCHIAENTERPRISES;;;;;;;;;;;;;;;;;;;;
;;;;;;;;;;;;;;;;;;;;GLOBALTRAVELSERVICES;;;;;;;;;;;;;;;;;;;;
;;;;;;;;;;;;;;;;;;;;GLOBESCOPETRAVELVACATIONS;;;;;;;;;;;;;;;;;;;;
;;;;;;;;;;;;;;;;;;;;GO!JAMAICATRAVELCOMPANY;;;;;;;;;;;;;;;;;;;;
;;;;;;;;;;;;;;;;;;;;GOCARIBIC;;;;;;;;;;;;;;;;;;;;
;;;;;;;;;;;;;;;;;;;;GOESGO;;;;;;;;;;;;;;;;;;;;
;;;;;;;;;;;;;;;;;;;;GOGLOBALTRAVEL;;;;;;;;;;;;;;;;;;;;
;;;;;;;;;;;;;;;;;;;;GOGOLIBERTYTRAVELGROUPDIVISION;;;;;;;;;;;;;;;;;;;;
;;;;;;;;;;;;;;;;;;;;GOGOWOLDWIDEVACATION;;;;;;;;;;;;;;;;;;;;
;;;;;;;;;;;;;;;;;;;;GOLD&TRAVELS;;;;;;;;;;;;;;;;;;;;
;;;;;;;;;;;;;;;;;;;;GOLDENVACATIONANDTRAVEL;;;;;;;;;;;;;;;;;;;;
;;;;;;;;;;;;;;;;;;;;GOLFPUNTACANA;;;;;;;;;;;;;;;;;;;;
;;;;;;;;;;;;;;;;;;;;GONZALEZMEDINATRAVELS;;;;;;;;;;;;;;;;;;;;
;;;;;;;;;;;;;;;;;;;;GOOLTRAVEL;;;;;;;;;;;;;;;;;;;;
;;;;;;;;;;;;;;;;;;;;GRANDCONNECTIONINVESTMENTS&Co,Limited;;;;;;;;;;;;;;;;;;;;
;;;;;;;;;;;;;;;;;;;;GREENBELTTRAVELSERVICES;;;;;;;;;;;;;;;;;;;;
;;;;;;;;;;;;;;;;;;;;"GregalViagens;Lda";;;;;;;;;;;;;;;;;;;;
;;;;;;;;;;;;;;;;;;;;GRUPOAEREOMONTERREY;;;;;;;;;;;;;;;;;;;;
;;;;;;;;;;;;;;;;;;;;GRUPOBENAVIDESTURISTICO;;;;;;;;;;;;;;;;;;;;
;;;;;;;;;;;;;;;;;;;;GRUPOBENAVIDESTURISTICOSdeRLdeCV;;;;;;;;;;;;;;;;;;;;
;;;;;;;;;;;;;;;;;;;;GRUPOCORONADOTRAVEL-JULIOEDMUNDOAPODACACAM;;;;;;;;;;;;;;;;;;;;
;;;;;;;;;;;;;;;;;;;;GRUPODAFINGSRL;;;;;;;;;;;;;;;;;;;;
;;;;;;;;;;;;;;;;;;;;GRUPODEINVERSIONESREADDOMINGUEZSRL;;;;;;;;;;;;;;;;;;;;
;;;;;;;;;;;;;;;;;;;;GRUPOFPV;;;;;;;;;;;;;;;;;;;;
;;;;;;;;;;;;;;;;;;;;GRUPOHOSTECHTURISMOTECNOLOGIAYHOSPEDAJE;;;;;;;;;;;;;;;;;;;;
;;;;;;;;;;;;;;;;;;;;GRUPOHOSTECHTURISMOTECNOLOGIAYHOSPEDAJESADE;;;;;;;;;;;;;;;;;;;;
;;;;;;;;;;;;;;;;;;;;GRUPOKUWAI;;;;;;;;;;;;;;;;;;;;
;;;;;;;;;;;;;;;;;;;;GRUPOLCHCARIBESRL;;;;;;;;;;;;;;;;;;;;
;;;;;;;;;;;;;;;;;;;;GRUPOMONBELLEIRL;;;;;;;;;;;;;;;;;;;;
;;;;;;;;;;;;;;;;;;;;"GRUPOONLINE;S,A,";;;;;;;;;;;;;;;;;;;;
;;;;;;;;;;;;;;;;;;;;GRUPOOPERADORINOZAMORA;;;;;;;;;;;;;;;;;;;;
;;;;;;;;;;;;;;;;;;;;GRUPOSARGENTINA;;;;;;;;;;;;;;;;;;;;
;;;;;;;;;;;;;;;;;;;;GRUPOSBRASIL;;;;;;;;;;;;;;;;;;;;
;;;;;;;;;;;;;;;;;;;;GRUPOSCHILE;;;;;;;;;;;;;;;;;;;;
;;;;;;;;;;;;;;;;;;;;GRUPOSCOLOMBIA;;;;;;;;;;;;;;;;;;;;
;;;;;;;;;;;;;;;;;;;;GRUPOSECUADOR;;;;;;;;;;;;;;;;;;;;
;;;;;;;;;;;;;;;;;;;;GRUPOSPARAGUAY;;;;;;;;;;;;;;;;;;;;
;;;;;;;;;;;;;;;;;;;;GRUPOSPERU;;;;;;;;;;;;;;;;;;;;
;;;;;;;;;;;;;;;;;;;;GRUPOSURUGUAY;;;;;;;;;;;;;;;;;;;;
;;;;;;;;;;;;;;;;;;;;GRUPOTARWINSRL;;;;;;;;;;;;;;;;;;;;
;;;;;;;;;;;;;;;;;;;;GUAMATUR;;;;;;;;;;;;;;;;;;;;
;;;;;;;;;;;;;;;;;;;;GUSTAZOSDRSAS;;;;;;;;;;;;;;;;;;;;
;;;;;;;;;;;;;;;;;;;;GUSTAZOSTRAVELJAMAICA;;;;;;;;;;;;;;;;;;;;
;;;;;;;;;;;;;;;;;;;;HAINAINTERNATIONALTERMINAL;;;;;;;;;;;;;;;;;;;;
;;;;;;;;;;;;;;;;;;;;HALCONVIAJESS,A,U,;;;;;;;;;;;;;;;;;;;;
;;;;;;;;;;;;;;;;;;;;HAPPYTRAVELLUISENRIQUESOLISHERNANDEZ;;;;;;;;;;;;;;;;;;;;
;;;;;;;;;;;;;;;;;;;;HARRISON'STRAVELSLLC;;;;;;;;;;;;;;;;;;;;
;;;;;;;;;;;;;;;;;;;;HAYSBEDS;;;;;;;;;;;;;;;;;;;;
;;;;;;;;;;;;;;;;;;;;"HBTRAVELCONSULTANTS;INC,";;;;;;;;;;;;;;;;;;;;
;;;;;;;;;;;;;;;;;;;;"HELADOSBON;S,A,";;;;;;;;;;;;;;;;;;;;
;;;;;;;;;;;;;;;;;;;;HELVETICTOURS;;;;;;;;;;;;;;;;;;;;
;;;;;;;;;;;;;;;;;;;;HEREANDAWAYTRAVEL;;;;;;;;;;;;;;;;;;;;
;;;;;;;;;;;;;;;;;;;;HIBOUTRAVEL;;;;;;;;;;;;;;;;;;;;
;;;;;;;;;;;;;;;;;;;;HLINFRAESTRUCTURASAS;;;;;;;;;;;;;;;;;;;;
;;;;;;;;;;;;;;;;;;;;HOLIDAYTRAVELINTL;;;;;;;;;;;;;;;;;;;;
;;;;;;;;;;;;;;;;;;;;HOOTRAVELSERVICE;;;;;;;;;;;;;;;;;;;;
;;;;;;;;;;;;;;;;;;;;Hopper(usa)Inc;;;;;;;;;;;;;;;;;;;;
;;;;;;;;;;;;;;;;;;;;HOSPIFAR;;;;;;;;;;;;;;;;;;;;
;;;;;;;;;;;;;;;;;;;;HOTELBEDSUSAINC,;;;;;;;;;;;;;;;;;;;;
;;;;;;;;;;;;;;;;;;;;HOTELCOLLECT_EXPEDIA;;;;;;;;;;;;;;;;;;;;
;;;;;;;;;;;;;;;;;;;;HOTELESDORADOPLAZACOLOMBIAS,A,S;;;;;;;;;;;;;;;;;;;;
;;;;;;;;;;;;;;;;;;;;HOTELTONIGHTINC;;;;;;;;;;;;;;;;;;;;
;;;;;;;;;;;;;;;;;;;;HotelUrbanoViagenseTurismoS/A;;;;;;;;;;;;;;;;;;;;
;;;;;;;;;;;;;;;;;;;;HOULAHANTRAVEL;;;;;;;;;;;;;;;;;;;;
;;;;;;;;;;;;;;;;;;;;HUIZAROPERACIONESTURISTICASSADECV;;;;;;;;;;;;;;;;;;;;
;;;;;;;;;;;;;;;;;;;;HUNTERSPRIDETRAVEL;;;;;;;;;;;;;;;;;;;;
;;;;;;;;;;;;;;;;;;;;HuulKin;;;;;;;;;;;;;;;;;;;;
;;;;;;;;;;;;;;;;;;;;ICONICTRAVEL&EVENTS;;;;;;;;;;;;;;;;;;;;
;;;;;;;;;;;;;;;;;;;;IGLESIAASAMBLEASDEDIOS;;;;;;;;;;;;;;;;;;;;
;;;;;;;;;;;;;;;;;;;;IGLESIABAUTISTACRISTIANA;;;;;;;;;;;;;;;;;;;;
;;;;;;;;;;;;;;;;;;;;IGLESIACONVERTIDOSACRISTO;;;;;;;;;;;;;;;;;;;;
;;;;;;;;;;;;;;;;;;;;IGLESIACRISTIANAPARALAFAMILIACASADESION;;;;;;;;;;;;;;;;;;;;
;;;;;;;;;;;;;;;;;;;;IGLESIADECRISTOELIN;;;;;;;;;;;;;;;;;;;;
;;;;;;;;;;;;;;;;;;;;IMACOPAGUASCALIENTES;;;;;;;;;;;;;;;;;;;;
;;;;;;;;;;;;;;;;;;;;IMACOPGUADALAJARA;;;;;;;;;;;;;;;;;;;;
;;;;;;;;;;;;;;;;;;;;IMACOPGUANAJAUTO;;;;;;;;;;;;;;;;;;;;
;;;;;;;;;;;;;;;;;;;;IMACOPTOUR;;;;;;;;;;;;;;;;;;;;
;;;;;;;;;;;;;;;;;;;;IMACOPTOURCORPORATION;;;;;;;;;;;;;;;;;;;;
;;;;;;;;;;;;;;;;;;;;IMACOPTOURSSANLUISPOTOSF;;;;;;;;;;;;;;;;;;;;
;;;;;;;;;;;;;;;;;;;;IMEQDOMINICANA;;;;;;;;;;;;;;;;;;;;
;;;;;;;;;;;;;;;;;;;;IMPERIOTRAVEL;;;;;;;;;;;;;;;;;;;;
;;;;;;;;;;;;;;;;;;;;IMPROFORMASSRL;;;;;;;;;;;;;;;;;;;;
;;;;;;;;;;;;;;;;;;;;INCOMUMVIAGENS-OPERADORA;;;;;;;;;;;;;;;;;;;;
;;;;;;;;;;;;;;;;;;;;INDUSTRIASANMIGUELDELCARIBESA;;;;;;;;;;;;;;;;;;;;
;;;;;;;;;;;;;;;;;;;;INFOCENTEROPERADORAMAYORISTASADECV;;;;;;;;;;;;;;;;;;;;
;;;;;;;;;;;;;;;;;;;;INGENIERIACAURARD;;;;;;;;;;;;;;;;;;;;
;;;;;;;;;;;;;;;;;;;;INGENIERIACIVILYAMBIENTALSRL;;;;;;;;;;;;;;;;;;;;
;;;;;;;;;;;;;;;;;;;;"INSEL(IngenieriayServiciosElectrotecnicos;S,R";;;;;;;;;;;;;;;;;;;;
;;;;;;;;;;;;;;;;;;;;"INSPIROLUXURYTRAVEL;S,L,";;;;;;;;;;;;;;;;;;;;
;;;;;;;;;;;;;;;;;;;;INSTITUTOFORMACIONDOCENTESALOMEURENA;;;;;;;;;;;;;;;;;;;;
;;;;;;;;;;;;;;;;;;;;INSTITUTOINTERAMERICANODECOOPERACIONPARALAAG;;;;;;;;;;;;;;;;;;;;
;;;;;;;;;;;;;;;;;;;;INTELETRAVEL,COM;;;;;;;;;;;;;;;;;;;;
;;;;;;;;;;;;;;;;;;;;INTERCAMBIOSINTERNACIONALESDEVACACIONES;;;;;;;;;;;;;;;;;;;;
;;;;;;;;;;;;;;;;;;;;INTEREPREPRESENTACOESVIAGENSETURISMOLTDA;;;;;;;;;;;;;;;;;;;;
;;;;;;;;;;;;;;;;;;;;INTERLANDS;;;;;;;;;;;;;;;;;;;;
;;;;;;;;;;;;;;;;;;;;INTERNATIONALVACATIONCLUBEMPLOYEE;;;;;;;;;;;;;;;;;;;;
;;;;;;;;;;;;;;;;;;;;INTERNATIONALVACATIONCLUBFAMILY&FRIENDS;;;;;;;;;;;;;;;;;;;;
;;;;;;;;;;;;;;;;;;;;INTERNATIONALVACATIONCLUBLTD;;;;;;;;;;;;;;;;;;;;
;;;;;;;;;;;;;;;;;;;;INTERPOINTVIAGENS&TURISMO;;;;;;;;;;;;;;;;;;;;
;;;;;;;;;;;;;;;;;;;;INTERPOOL;;;;;;;;;;;;;;;;;;;;
;;;;;;;;;;;;;;;;;;;;INTERTOURSS,A,(PY);;;;;;;;;;;;;;;;;;;;
;;;;;;;;;;;;;;;;;;;;INTERTRAVELMEXICO;;;;;;;;;;;;;;;;;;;;
;;;;;;;;;;;;;;;;;;;;INTERWASA;;;;;;;;;;;;;;;;;;;;
;;;;;;;;;;;;;;;;;;;;INVERSIONESAUSTRALSRL;;;;;;;;;;;;;;;;;;;;
;;;;;;;;;;;;;;;;;;;;"INVERSIONESDYERSBURG;S,R,L";;;;;;;;;;;;;;;;;;;;
;;;;;;;;;;;;;;;;;;;;INVERSIONESGJGS,A,;;;;;;;;;;;;;;;;;;;;
;;;;;;;;;;;;;;;;;;;;INVERSIONESRINASCITASRL;;;;;;;;;;;;;;;;;;;;
;;;;;;;;;;;;;;;;;;;;INVERSIONESSANTOTOMASSAS-GRUPOSTRAVEL;;;;;;;;;;;;;;;;;;;;
;;;;;;;;;;;;;;;;;;;;ISLANDTROTTERSAGENCY;;;;;;;;;;;;;;;;;;;;
;;;;;;;;;;;;;;;;;;;;ISLASBALEARESSR,L;;;;;;;;;;;;;;;;;;;;
;;;;;;;;;;;;;;;;;;;;ISTOURSBRASILAGENCIADEVIAGENSETURISMOLTDA;;;;;;;;;;;;;;;;;;;;
;;;;;;;;;;;;;;;;;;;;ITALIANBEAUTYSRL;;;;;;;;;;;;;;;;;;;;
;;;;;;;;;;;;;;;;;;;;ITS/ITSINDI(DERTouristikDeutschlandGmbH);;;;;;;;;;;;;;;;;;;;
;;;;;;;;;;;;;;;;;;;;JADARENTERTAINMENT;;;;;;;;;;;;;;;;;;;;
;;;;;;;;;;;;;;;;;;;;JAHNREISEN(DERTouristikDeutschlandGmbH);;;;;;;;;;;;;;;;;;;;
;;;;;;;;;;;;;;;;;;;;JAMROCKTOURS;;;;;;;;;;;;;;;;;;;;
;;;;;;;;;;;;;;;;;;;;JCMAGRICOLASRL;;;;;;;;;;;;;;;;;;;;
;;;;;;;;;;;;;;;;;;;;JETBLUE;;;;;;;;;;;;;;;;;;;;
;;;;;;;;;;;;;;;;;;;;"JetmarViajes;S,A,";;;;;;;;;;;;;;;;;;;;
;;;;;;;;;;;;;;;;;;;;JETSETVACATIONS;;;;;;;;;;;;;;;;;;;;
;;;;;;;;;;;;;;;;;;;;JOFELTOURSRL;;;;;;;;;;;;;;;;;;;;
;;;;;;;;;;;;;;;;;;;;JOURNEYHOUSETRAVELSERVICEOKLAHOMACITY;;;;;;;;;;;;;;;;;;;;
;;;;;;;;;;;;;;;;;;;;JOURNEYHOUSETRAVELTULSA;;;;;;;;;;;;;;;;;;;;
;;;;;;;;;;;;;;;;;;;;JOYLUXURYVILLAGESRL;;;;;;;;;;;;;;;;;;;;
;;;;;;;;;;;;;;;;;;;;JUANTOSELLI;;;;;;;;;;;;;;;;;;;;
;;;;;;;;;;;;;;;;;;;;JULIATOURS(ARGENTINA);;;;;;;;;;;;;;;;;;;;
;;;;;;;;;;;;;;;;;;;;JUMBOTOURSESPANA-ARG;;;;;;;;;;;;;;;;;;;;
;;;;;;;;;;;;;;;;;;;;JumboToursMexico;;;;;;;;;;;;;;;;;;;;
;;;;;;;;;;;;;;;;;;;;JumboToursMexicoSAdeCV;;;;;;;;;;;;;;;;;;;;
;;;;;;;;;;;;;;;;;;;;JUVENTUDPARACRISTO;;;;;;;;;;;;;;;;;;;;
;;;;;;;;;;;;;;;;;;;;K&MDESTINOS;;;;;;;;;;;;;;;;;;;;
;;;;;;;;;;;;;;;;;;;;KAI&KAYINTERNATIONAL;;;;;;;;;;;;;;;;;;;;
;;;;;;;;;;;;;;;;;;;;KHMTRAVELGROUP;;;;;;;;;;;;;;;;;;;;
;;;;;;;;;;;;;;;;;;;;KHOURYINDUSTRIALSRL;;;;;;;;;;;;;;;;;;;;
;;;;;;;;;;;;;;;;;;;;KIKOYGESTIONSL;;;;;;;;;;;;;;;;;;;;
;;;;;;;;;;;;;;;;;;;;KJWGETAWAYS;;;;;;;;;;;;;;;;;;;;
;;;;;;;;;;;;;;;;;;;;KMLENTREPRISE;;;;;;;;;;;;;;;;;;;;
;;;;;;;;;;;;;;;;;;;;KOMPASUKRAINE;;;;;;;;;;;;;;;;;;;;
;;;;;;;;;;;;;;;;;;;;KONTIKFRANSTURVIAGENSTURISMOLTDA;;;;;;;;;;;;;;;;;;;;
;;;;;;;;;;;;;;;;;;;;KQUESI'SHOLIDAYSTRAVEL;;;;;;;;;;;;;;;;;;;;
;;;;;;;;;;;;;;;;;;;;KUALITYREPRESENTACIONES/COCHA;;;;;;;;;;;;;;;;;;;;
;;;;;;;;;;;;;;;;;;;;KUONI(DERTouristikSuisseAG);;;;;;;;;;;;;;;;;;;;
;;;;;;;;;;;;;;;;;;;;KVSTravel;;;;;;;;;;;;;;;;;;;;
;;;;;;;;;;;;;;;;;;;;LABORATORIOSDEAPLICACIONESMEDICASSRL;;;;;;;;;;;;;;;;;;;;
;;;;;;;;;;;;;;;;;;;;LABORATORIOSKEYSRL;;;;;;;;;;;;;;;;;;;;
;;;;;;;;;;;;;;;;;;;;LABORATORIOSSUEDS,R,L,;;;;;;;;;;;;;;;;;;;;
;;;;;;;;;;;;;;;;;;;;LADYSANTRAVELESCAPE;;;;;;;;;;;;;;;;;;;;
;;;;;;;;;;;;;;;;;;;;"LAFABRIL;C,PORA,";;;;;;;;;;;;;;;;;;;;
;;;;;;;;;;;;;;;;;;;;LANTOURS/LATAMAIRLINES;;;;;;;;;;;;;;;;;;;;
;;;;;;;;;;;;;;;;;;;;LAOPERADORA,COM;;;;;;;;;;;;;;;;;;;;
;;;;;;;;;;;;;;;;;;;;LAPLACE(SosadelRio&RamalloSRL);;;;;;;;;;;;;;;;;;;;
;;;;;;;;;;;;;;;;;;;;LAQUEZZADVENTURETOURS;;;;;;;;;;;;;;;;;;;;
;;;;;;;;;;;;;;;;;;;;LARESURUGUAY;;;;;;;;;;;;;;;;;;;;
;;;;;;;;;;;;;;;;;;;;LASTMINUTE(VUELO+HOTEL);;;;;;;;;;;;;;;;;;;;
;;;;;;;;;;;;;;;;;;;;LASTMINUTE,COMBRAVONEXTS,A,;;;;;;;;;;;;;;;;;;;;
;;;;;;;;;;;;;;;;;;;;LATABACALERAC,PORA,;;;;;;;;;;;;;;;;;;;;
;;;;;;;;;;;;;;;;;;;;LEFITURS,A,;;;;;;;;;;;;;;;;;;;;
;;;;;;;;;;;;;;;;;;;;LEISUREFORPLEASUREHOLIDAY&TOURLTD,;;;;;;;;;;;;;;;;;;;;
;;;;;;;;;;;;;;;;;;;;L'ESPRITDUVOYAGESA;;;;;;;;;;;;;;;;;;;;
;;;;;;;;;;;;;;;;;;;;LETMETRAVELSAS;;;;;;;;;;;;;;;;;;;;
;;;;;;;;;;;;;;;;;;;;LET'SGOCRUIZING&TOURS;;;;;;;;;;;;;;;;;;;;
;;;;;;;;;;;;;;;;;;;;LETSGOLUXTRAVELANDCONSULTINGINC;;;;;;;;;;;;;;;;;;;;
;;;;;;;;;;;;;;;;;;;;"LEVAPANDOMINICANA;S,A,";;;;;;;;;;;;;;;;;;;;
;;;;;;;;;;;;;;;;;;;;LHWSERVICESGMGH;;;;;;;;;;;;;;;;;;;;
;;;;;;;;;;;;;;;;;;;;LIANNA`STRAVEL;;;;;;;;;;;;;;;;;;;;
;;;;;;;;;;;;;;;;;;;;LIBERTYURUGUAY;;;;;;;;;;;;;;;;;;;;
;;;;;;;;;;;;;;;;;;;;LICEOFRANCESDESANTODOMINGOINC;;;;;;;;;;;;;;;;;;;;
;;;;;;;;;;;;;;;;;;;;LIRANZOTOURSSRL;;;;;;;;;;;;;;;;;;;;
;;;;;;;;;;;;;;;;;;;;LITORALVERDE;;;;;;;;;;;;;;;;;;;;
;;;;;;;;;;;;;;;;;;;;LITTLEGUESTSA;;;;;;;;;;;;;;;;;;;;
;;;;;;;;;;;;;;;;;;;;LOGANTRAVEL;;;;;;;;;;;;;;;;;;;;
;;;;;;;;;;;;;;;;;;;;LOKIEROOTRAVELS;;;;;;;;;;;;;;;;;;;;
;;;;;;;;;;;;;;;;;;;;LOMASTRAVEL;;;;;;;;;;;;;;;;;;;;
;;;;;;;;;;;;;;;;;;;;LONDONEXPORTSERVICESPUERTORICOLLC;;;;;;;;;;;;;;;;;;;;
;;;;;;;;;;;;;;;;;;;;LORAYWHEEL-CHAIR&DESTINATIONSERVICESLIMITED;;;;;;;;;;;;;;;;;;;;
;;;;;;;;;;;;;;;;;;;;LOSHIDALGOSSAS;;;;;;;;;;;;;;;;;;;;
;;;;;;;;;;;;;;;;;;;;LOSSIETEHERMANOSSRL;;;;;;;;;;;;;;;;;;;;
;;;;;;;;;;;;;;;;;;;;LOWCOSTVIAGENSETURISMO;;;;;;;;;;;;;;;;;;;;
;;;;;;;;;;;;;;;;;;;;LTTRAVELINC;;;;;;;;;;;;;;;;;;;;
;;;;;;;;;;;;;;;;;;;;LUJOSOTRAVEL;;;;;;;;;;;;;;;;;;;;
;;;;;;;;;;;;;;;;;;;;"LUV2CRUISETRAVEL;LLC";;;;;;;;;;;;;;;;;;;;
;;;;;;;;;;;;;;;;;;;;LUXETRIBES;;;;;;;;;;;;;;;;;;;;
;;;;;;;;;;;;;;;;;;;;LuxrallyLLC;;;;;;;;;;;;;;;;;;;;
;;;;;;;;;;;;;;;;;;;;LuzVerdeRepresentaciones;;;;;;;;;;;;;;;;;;;;
;;;;;;;;;;;;;;;;;;;;M&MTRAVELCONSULTANTS;;;;;;;;;;;;;;;;;;;;
;;;;;;;;;;;;;;;;;;;;MADESOLSA;;;;;;;;;;;;;;;;;;;;
;;;;;;;;;;;;;;;;;;;;MADUROTRAVELARUBA;;;;;;;;;;;;;;;;;;;;
;;;;;;;;;;;;;;;;;;;;MAESTROVIAJES;;;;;;;;;;;;;;;;;;;;
;;;;;;;;;;;;;;;;;;;;MAGENTOURS;;;;;;;;;;;;;;;;;;;;
;;;;;;;;;;;;;;;;;;;;MAGNICHARTERS(GRUPOAEREOMONTERREYSADECV);;;;;;;;;;;;;;;;;;;;
;;;;;;;;;;;;;;;;;;;;MagnichartersCUN;;;;;;;;;;;;;;;;;;;;
;;;;;;;;;;;;;;;;;;;;MagnichartersMEX;;;;;;;;;;;;;;;;;;;;
;;;;;;;;;;;;;;;;;;;;MagnichartersMTY;;;;;;;;;;;;;;;;;;;;
;;;;;;;;;;;;;;;;;;;;MANAGEMENTCONSULTINGGROUP;;;;;;;;;;;;;;;;;;;;
;;;;;;;;;;;;;;;;;;;;MANPOWERREPUBLICADOMINICANASA;;;;;;;;;;;;;;;;;;;;
;;;;;;;;;;;;;;;;;;;;MAQUITRAVELSERVICESCORP;;;;;;;;;;;;;;;;;;;;
;;;;;;;;;;;;;;;;;;;;MARALTURISMO;;;;;;;;;;;;;;;;;;;;
;;;;;;;;;;;;;;;;;;;;MARITIMADOMINICANA;;;;;;;;;;;;;;;;;;;;
;;;;;;;;;;;;;;;;;;;;MARKTRAVELCORPORATIONALG;;;;;;;;;;;;;;;;;;;;
;;;;;;;;;;;;;;;;;;;;MARLINTRAVELMISSISSAUGAON;;;;;;;;;;;;;;;;;;;;
;;;;;;;;;;;;;;;;;;;;"MARMOTECH;S,A,";;;;;;;;;;;;;;;;;;;;
;;;;;;;;;;;;;;;;;;;;MASTEROPERADORATURISTICA(MCZ);;;;;;;;;;;;;;;;;;;;
;;;;;;;;;;;;;;;;;;;;MASTRAVELSAS,A,;;;;;;;;;;;;;;;;;;;;
;;;;;;;;;;;;;;;;;;;;MATIASROJASMINISTRIESMAKINGOURRACEEVERYTHING;;;;;;;;;;;;;;;;;;;;
;;;;;;;;;;;;;;;;;;;;MAWVIAJESSRL;;;;;;;;;;;;;;;;;;;;
;;;;;;;;;;;;;;;;;;;;MayorPlus;;;;;;;;;;;;;;;;;;;;
;;;;;;;;;;;;;;;;;;;;MCCAGENCIADEVIAJES&TURISMOBYMARGARITACABA;;;;;;;;;;;;;;;;;;;;
;;;;;;;;;;;;;;;;;;;;MECAINTER;;;;;;;;;;;;;;;;;;;;
;;;;;;;;;;;;;;;;;;;;MEETINGPOINTINTERNATIONALLTD(CENTRALEUROPE);;;;;;;;;;;;;;;;;;;;
;;;;;;;;;;;;;;;;;;;;MEIERSWELTREISEN;;;;;;;;;;;;;;;;;;;;
;;;;;;;;;;;;;;;;;;;;MEINPEP;;;;;;;;;;;;;;;;;;;;
;;;;;;;;;;;;;;;;;;;;MEMORYMAKERSTRAVELLLC;;;;;;;;;;;;;;;;;;;;
;;;;;;;;;;;;;;;;;;;;MERCERIALAREYNASRL;;;;;;;;;;;;;;;;;;;;
;;;;;;;;;;;;;;;;;;;;MGTOURSTTOO;;;;;;;;;;;;;;;;;;;;
;;;;;;;;;;;;;;;;;;;;MICECANADA;;;;;;;;;;;;;;;;;;;;
;;;;;;;;;;;;;;;;;;;;MICEEEUU;;;;;;;;;;;;;;;;;;;;
;;;;;;;;;;;;;;;;;;;;MICEMEDITERRANEO;;;;;;;;;;;;;;;;;;;;
;;;;;;;;;;;;;;;;;;;;MICEMEXICO(MXN);;;;;;;;;;;;;;;;;;;;
;;;;;;;;;;;;;;;;;;;;MICEMEXICO(USD);;;;;;;;;;;;;;;;;;;;
;;;;;;;;;;;;;;;;;;;;MICERD;;;;;;;;;;;;;;;;;;;;
;;;;;;;;;;;;;;;;;;;;MIDICARAIBES;;;;;;;;;;;;;;;;;;;;
;;;;;;;;;;;;;;;;;;;;MILENATOURS;;;;;;;;;;;;;;;;;;;;
;;;;;;;;;;;;;;;;;;;;MINISTERIODEDEFENSACIVILDELAREP,DOM,;;;;;;;;;;;;;;;;;;;;
;;;;;;;;;;;;;;;;;;;;MINISTERIOEVANGELISTICORECONCILIADOALHOMBRECO;;;;;;;;;;;;;;;;;;;;
;;;;;;;;;;;;;;;;;;;;MISIONEMANUELINC;;;;;;;;;;;;;;;;;;;;
;;;;;;;;;;;;;;;;;;;;MMCIGUASSUVIAGENSLTDA;;;;;;;;;;;;;;;;;;;;
;;;;;;;;;;;;;;;;;;;;"MOLDEADOSDOMINICANOS;S,A,";;;;;;;;;;;;;;;;;;;;
;;;;;;;;;;;;;;;;;;;;MOMENTSOFMAGICTRAVEL;;;;;;;;;;;;;;;;;;;;
;;;;;;;;;;;;;;;;;;;;MONICA&WILMERMWTURISMOC,LTDA,;;;;;;;;;;;;;;;;;;;;
;;;;;;;;;;;;;;;;;;;;MONLUXS,A,;;;;;;;;;;;;;;;;;;;;
;;;;;;;;;;;;;;;;;;;;MULTIQUIMICADOMINICANASA;;;;;;;;;;;;;;;;;;;;
;;;;;;;;;;;;;;;;;;;;MUNDANATRAVELVIAJESSADECV;;;;;;;;;;;;;;;;;;;;
;;;;;;;;;;;;;;;;;;;;MUNDOMBASRL;;;;;;;;;;;;;;;;;;;;
;;;;;;;;;;;;;;;;;;;;MUNDOTOTALO&LREPRESENTACIONESS,A,C;;;;;;;;;;;;;;;;;;;;
;;;;;;;;;;;;;;;;;;;;MVREPRESENTACIONESS,A,;;;;;;;;;;;;;;;;;;;;
;;;;;;;;;;;;;;;;;;;;MYBEDSS,A,;;;;;;;;;;;;;;;;;;;;
;;;;;;;;;;;;;;;;;;;;MYTRAVELOPERADORAMAYORISTADETURISMOLTDA;;;;;;;;;;;;;;;;;;;;
;;;;;;;;;;;;;;;;;;;;NATURLEON;;;;;;;;;;;;;;;;;;;;
;;;;;;;;;;;;;;;;;;;;NATURLEONNACIONALEINTERNACIONA;;;;;;;;;;;;;;;;;;;;
;;;;;;;;;;;;;;;;;;;;NATURMEX;;;;;;;;;;;;;;;;;;;;
;;;;;;;;;;;;;;;;;;;;NAUTALIAVIAJESS,L;;;;;;;;;;;;;;;;;;;;
;;;;;;;;;;;;;;;;;;;;NAVEGATRAININGANDCONSULTINGEIRL;;;;;;;;;;;;;;;;;;;;
;;;;;;;;;;;;;;;;;;;;NEFERTARIVIAJESSADECV;;;;;;;;;;;;;;;;;;;;
;;;;;;;;;;;;;;;;;;;;NEOTRAVELWORLDSL;;;;;;;;;;;;;;;;;;;;
;;;;;;;;;;;;;;;;;;;;NEVERLOOKBACKVACATIONS;;;;;;;;;;;;;;;;;;;;
;;;;;;;;;;;;;;;;;;;;NEXIONLLC;;;;;;;;;;;;;;;;;;;;
;;;;;;;;;;;;;;;;;;;;"NEXTTRIPHOLDINGS;INC,";;;;;;;;;;;;;;;;;;;;
;;;;;;;;;;;;;;;;;;;;"NEXTTRIPHOLDINGS;INC,ECOMM";;;;;;;;;;;;;;;;;;;;
;;;;;;;;;;;;;;;;;;;;NITESTOUROPERATOR;;;;;;;;;;;;;;;;;;;;
;;;;;;;;;;;;;;;;;;;;NORCECA;;;;;;;;;;;;;;;;;;;;
;;;;;;;;;;;;;;;;;;;;NORDICLEISURETRAVELGROUPAB;;;;;;;;;;;;;;;;;;;;
;;;;;;;;;;;;;;;;;;;;NowaItakaSp,zo,o,o;;;;;;;;;;;;;;;;;;;;
;;;;;;;;;;;;;;;;;;;;NSSERVICIOSTURISTICOSSRL;;;;;;;;;;;;;;;;;;;;
;;;;;;;;;;;;;;;;;;;;NTSGROUPSA;;;;;;;;;;;;;;;;;;;;
;;;;;;;;;;;;;;;;;;;;NUBAMEXICOMEXICODF;;;;;;;;;;;;;;;;;;;;
;;;;;;;;;;;;;;;;;;;;OASCOMPUTEREIRL;;;;;;;;;;;;;;;;;;;;
;;;;;;;;;;;;;;;;;;;;OCEANICTRAVELFANTASIES;;;;;;;;;;;;;;;;;;;;
;;;;;;;;;;;;;;;;;;;;"OCEANSIDEGOLFANDLODGING;LLC";;;;;;;;;;;;;;;;;;;;
;;;;;;;;;;;;;;;;;;;;ODEONTOURISIMINTERNATIONALMALTALTD;;;;;;;;;;;;;;;;;;;;
;;;;;;;;;;;;;;;;;;;;ODJTURISMO;;;;;;;;;;;;;;;;;;;;
;;;;;;;;;;;;;;;;;;;;OFBREP,DETURISMOEVIAGENSLTDA;;;;;;;;;;;;;;;;;;;;
;;;;;;;;;;;;;;;;;;;;OFFTOANYLANDTRAVEL;;;;;;;;;;;;;;;;;;;;
;;;;;;;;;;;;;;;;;;;;"OLA;S,A,";;;;;;;;;;;;;;;;;;;;
;;;;;;;;;;;;;;;;;;;;OLRMAYORISTA;;;;;;;;;;;;;;;;;;;;
;;;;;;;;;;;;;;;;;;;;OLRMAYORISTARESERVASTURISTICASS,A,DEC,V,;;;;;;;;;;;;;;;;;;;;
;;;;;;;;;;;;;;;;;;;;OLYMPUSDESTINATIONSANDTOURS;;;;;;;;;;;;;;;;;;;;
;;;;;;;;;;;;;;;;;;;;OMNITURSA;;;;;;;;;;;;;;;;;;;;
;;;;;;;;;;;;;;;;;;;;ONEPARKDOMINICANASRL;;;;;;;;;;;;;;;;;;;;
;;;;;;;;;;;;;;;;;;;;ONEUPTRAVELSRL;;;;;;;;;;;;;;;;;;;;
;;;;;;;;;;;;;;;;;;;;OPERADORACONCIERGE;;;;;;;;;;;;;;;;;;;;
;;;;;;;;;;;;;;;;;;;;OperadoradeTurismoS,A(Tourmundial);;;;;;;;;;;;;;;;;;;;
;;;;;;;;;;;;;;;;;;;;OPERADORADEVIAJESSOLATINO;;;;;;;;;;;;;;;;;;;;
;;;;;;;;;;;;;;;;;;;;OPERADORAKEOPS;;;;;;;;;;;;;;;;;;;;
;;;;;;;;;;;;;;;;;;;;OPERADORAKEOPSSDERLDECV;;;;;;;;;;;;;;;;;;;;
;;;;;;;;;;;;;;;;;;;;OPERADORATICKET/MARIOANTONIOMORALESHERNANDEZ;;;;;;;;;;;;;;;;;;;;
;;;;;;;;;;;;;;;;;;;;OPERADORATURISTICAJAPEL;;;;;;;;;;;;;;;;;;;;
;;;;;;;;;;;;;;;;;;;;OPERADORATURISTICASIERRAMADRE;;;;;;;;;;;;;;;;;;;;
;;;;;;;;;;;;;;;;;;;;OPERADORATURISTICASIERRAMADRESADECV;;;;;;;;;;;;;;;;;;;;
;;;;;;;;;;;;;;;;;;;;"OPERAHOTEL;S,R,L,";;;;;;;;;;;;;;;;;;;;
;;;;;;;;;;;;;;;;;;;;OPERANDOVIAJESYTURISMOLTDA;;;;;;;;;;;;;;;;;;;;
;;;;;;;;;;;;;;;;;;;;OPERATIONRENEWEDHOPE;;;;;;;;;;;;;;;;;;;;
;;;;;;;;;;;;;;;;;;;;OPTIONTRAVELSAS;;;;;;;;;;;;;;;;;;;;
;;;;;;;;;;;;;;;;;;;;orbeeviagensestrategicas;;;;;;;;;;;;;;;;;;;;
;;;;;;;;;;;;;;;;;;;;ORBISSRL(BOLIVIA);;;;;;;;;;;;;;;;;;;;
;;;;;;;;;;;;;;;;;;;;ORGANIZACIONDELASNACIONESUNIDASPARALAAGRICU;;;;;;;;;;;;;;;;;;;;
;;;;;;;;;;;;;;;;;;;;ORGANIZACIONPIAMONTES,A,(BLUEPOINT);;;;;;;;;;;;;;;;;;;;
;;;;;;;;;;;;;;;;;;;;ORINTERTOUROPERATOR;;;;;;;;;;;;;;;;;;;;
;;;;;;;;;;;;;;;;;;;;OTSOPENTRAVEL(ONLINE);;;;;;;;;;;;;;;;;;;;
;;;;;;;;;;;;;;;;;;;;OTSOPENTRAVELSERVICESAG;;;;;;;;;;;;;;;;;;;;
;;;;;;;;;;;;;;;;;;;;OTSOPENTRAVELSERVICESAG(ESTEEUROPA);;;;;;;;;;;;;;;;;;;;
;;;;;;;;;;;;;;;;;;;;OTSOPENTRAVELUK;;;;;;;;;;;;;;;;;;;;
;;;;;;;;;;;;;;;;;;;;OTUESDAYINTERNATIONALLIMITED;;;;;;;;;;;;;;;;;;;;
;;;;;;;;;;;;;;;;;;;;OUTDOORTRAINING&ADVENTURESOUTRADSRL;;;;;;;;;;;;;;;;;;;;
;;;;;;;;;;;;;;;;;;;;OVERDUEVACATION;;;;;;;;;;;;;;;;;;;;
;;;;;;;;;;;;;;;;;;;;P&SEVENTS&TRAVEL;;;;;;;;;;;;;;;;;;;;
;;;;;;;;;;;;;;;;;;;;P&SEVENTS&VACATIONS;;;;;;;;;;;;;;;;;;;;
;;;;;;;;;;;;;;;;;;;;PACIFICREPSLTDA;;;;;;;;;;;;;;;;;;;;
;;;;;;;;;;;;;;;;;;;;"PackagingSolutionsPacksol;SRL";;;;;;;;;;;;;;;;;;;;
;;;;;;;;;;;;;;;;;;;;PADILLASA;;;;;;;;;;;;;;;;;;;;
;;;;;;;;;;;;;;;;;;;;PALLADIUMEXPERIENCE;;;;;;;;;;;;;;;;;;;;
;;;;;;;;;;;;;;;;;;;;PALLADIUMGESTIONS,L,U;;;;;;;;;;;;;;;;;;;;
;;;;;;;;;;;;;;;;;;;;PALLADIUMTRAVELCLUB_REFERIDOS;;;;;;;;;;;;;;;;;;;;
;;;;;;;;;;;;;;;;;;;;PALLADIUMTRAVELCLUB_SEMANA10X1;;;;;;;;;;;;;;;;;;;;
;;;;;;;;;;;;;;;;;;;;PALLADIUMTRAVELCLUB_SEMANABENEFICIO;;;;;;;;;;;;;;;;;;;;
;;;;;;;;;;;;;;;;;;;;PALLADIUMTRAVELCLUB_SEMANABONO;;;;;;;;;;;;;;;;;;;;
;;;;;;;;;;;;;;;;;;;;PALLADIUMTRAVELCLUB_SEMANAPROMO;;;;;;;;;;;;;;;;;;;;
;;;;;;;;;;;;;;;;;;;;PALLADIUMTRAVELCLUB_SEMANAREFERIDO;;;;;;;;;;;;;;;;;;;;
;;;;;;;;;;;;;;;;;;;;PALLADIUMTRAVELCLUB_SOCIOS;;;;;;;;;;;;;;;;;;;;
;;;;;;;;;;;;;;;;;;;;PALLADIUMTRAVELCLUBSEMANAINCENTIVO;;;;;;;;;;;;;;;;;;;;
;;;;;;;;;;;;;;;;;;;;PALLADIUMTRAVELCLUBSEMANAPODIUM;;;;;;;;;;;;;;;;;;;;
;;;;;;;;;;;;;;;;;;;;PALLADIUMWEDDINGS;;;;;;;;;;;;;;;;;;;;
;;;;;;;;;;;;;;;;;;;;PALOTOURS&TRAVEL;;;;;;;;;;;;;;;;;;;;
;;;;;;;;;;;;;;;;;;;;PANAMERICANADEVIAJES;;;;;;;;;;;;;;;;;;;;
;;;;;;;;;;;;;;;;;;;;PANAMERICANATURISMOLTDA;;;;;;;;;;;;;;;;;;;;
;;;;;;;;;;;;;;;;;;;;PARADISEINYOURPALMS;;;;;;;;;;;;;;;;;;;;
;;;;;;;;;;;;;;;;;;;;PARLAMENTOCENTROAMERICANO;;;;;;;;;;;;;;;;;;;;
;;;;;;;;;;;;;;;;;;;;PAVEVENTSSRL;;;;;;;;;;;;;;;;;;;;
;;;;;;;;;;;;;;;;;;;;PDLTRAVELSERVICES;;;;;;;;;;;;;;;;;;;;
;;;;;;;;;;;;;;;;;;;;PEGASTOURISTIKCARIBE;;;;;;;;;;;;;;;;;;;;
;;;;;;;;;;;;;;;;;;;;PELICANOSTOURS;;;;;;;;;;;;;;;;;;;;
;;;;;;;;;;;;;;;;;;;;PENNY-WISEVACATIONS&TRAVEL;;;;;;;;;;;;;;;;;;;;
;;;;;;;;;;;;;;;;;;;;PEREZYCIA;;;;;;;;;;;;;;;;;;;;
;;;;;;;;;;;;;;;;;;;;PERLASSTDESTINATIONSRL;;;;;;;;;;;;;;;;;;;;
;;;;;;;;;;;;;;;;;;;;PERX;;;;;;;;;;;;;;;;;;;;
;;;;;;;;;;;;;;;;;;;;PFIZERDOMINICANA;;;;;;;;;;;;;;;;;;;;
;;;;;;;;;;;;;;;;;;;;PLANETTRAVEL;;;;;;;;;;;;;;;;;;;;
;;;;;;;;;;;;;;;;;;;;PLAYATRAVELTOURS;;;;;;;;;;;;;;;;;;;;
;;;;;;;;;;;;;;;;;;;;PLAZAGRAFICADOMINICANASRL;;;;;;;;;;;;;;;;;;;;
;;;;;;;;;;;;;;;;;;;;PLEASANTHOLIDAYS;;;;;;;;;;;;;;;;;;;;
;;;;;;;;;;;;;;;;;;;;PLUSTRAVEL;;;;;;;;;;;;;;;;;;;;
;;;;;;;;;;;;;;;;;;;;PMAUNHAS;;;;;;;;;;;;;;;;;;;;
;;;;;;;;;;;;;;;;;;;;POSITIVOVIAJES;;;;;;;;;;;;;;;;;;;;
;;;;;;;;;;;;;;;;;;;;"POTENCIAFLUIDAYMECANICAPFM;S,A,";;;;;;;;;;;;;;;;;;;;
;;;;;;;;;;;;;;;;;;;;PREFERENTIATRAVEL;;;;;;;;;;;;;;;;;;;;
;;;;;;;;;;;;;;;;;;;;PremiumTravelConsultingTatjanaGantenbein;;;;;;;;;;;;;;;;;;;;
;;;;;;;;;;;;;;;;;;;;PREMIUMTRAVELEXPERIENCE;;;;;;;;;;;;;;;;;;;;
;;;;;;;;;;;;;;;;;;;;PRICERES;;;;;;;;;;;;;;;;;;;;
;;;;;;;;;;;;;;;;;;;;PRICETRAVEL(PESOS);;;;;;;;;;;;;;;;;;;;
;;;;;;;;;;;;;;;;;;;;PRICETRAVEL(USD);;;;;;;;;;;;;;;;;;;;
;;;;;;;;;;;;;;;;;;;;PRIMEOPERADORATURISTICA;;;;;;;;;;;;;;;;;;;;
;;;;;;;;;;;;;;;;;;;;PRIMETOURAGENCIADEVIAGENSETURISMO;;;;;;;;;;;;;;;;;;;;
;;;;;;;;;;;;;;;;;;;;PRODUCCIONESCSJR;;;;;;;;;;;;;;;;;;;;
;;;;;;;;;;;;;;;;;;;;PRODUCTOSFAMILAS,A;;;;;;;;;;;;;;;;;;;;
;;;;;;;;;;;;;;;;;;;;PRODUCTOSROCHEDOMINICANA;;;;;;;;;;;;;;;;;;;;
;;;;;;;;;;;;;;;;;;;;PROFARMAINTERNATIONAL;;;;;;;;;;;;;;;;;;;;
;;;;;;;;;;;;;;;;;;;;PROGRAMADELASNACIONESUNIDASPARAELDESARROLLO;;;;;;;;;;;;;;;;;;;;
;;;;;;;;;;;;;;;;;;;;PROJECTHOPE;;;;;;;;;;;;;;;;;;;;
;;;;;;;;;;;;;;;;;;;;PROMOSEJOURS(D,E,);;;;;;;;;;;;;;;;;;;;
;;;;;;;;;;;;;;;;;;;;PROMOSERPROMOTORADEHOTELES;;;;;;;;;;;;;;;;;;;;
;;;;;;;;;;;;;;;;;;;;PROMOTORADEHOTELESYSERVICIOSSADECV;;;;;;;;;;;;;;;;;;;;
;;;;;;;;;;;;;;;;;;;;PROTRAVELINCNEWYORK;;;;;;;;;;;;;;;;;;;;
;;;;;;;;;;;;;;;;;;;;PTC(DE)_REFERIDOS-Prepayment;;;;;;;;;;;;;;;;;;;;
;;;;;;;;;;;;;;;;;;;;PTC(DE)_SEMANA10X1;;;;;;;;;;;;;;;;;;;;
;;;;;;;;;;;;;;;;;;;;PTC(DE)_SEMANABENEFICIO;;;;;;;;;;;;;;;;;;;;
;;;;;;;;;;;;;;;;;;;;PTC(DE)_SEMANABONO;;;;;;;;;;;;;;;;;;;;
;;;;;;;;;;;;;;;;;;;;PTC(DE)_SEMANAINCENTIVO;;;;;;;;;;;;;;;;;;;;
;;;;;;;;;;;;;;;;;;;;PTC(DE)_SEMANAPROMO;;;;;;;;;;;;;;;;;;;;
;;;;;;;;;;;;;;;;;;;;PTC(DE)_SEMANAREFERIDO;;;;;;;;;;;;;;;;;;;;
;;;;;;;;;;;;;;;;;;;;PTC(SETIVEL)_SEMANABENEFICIO;;;;;;;;;;;;;;;;;;;;
;;;;;;;;;;;;;;;;;;;;PTC(SETIVEL)_SEMANAREFERIDO;;;;;;;;;;;;;;;;;;;;
;;;;;;;;;;;;;;;;;;;;PTCSOCIOS-Prepayment;;;;;;;;;;;;;;;;;;;;
;;;;;;;;;;;;;;;;;;;;PURATOSDOMINCANOS;;;;;;;;;;;;;;;;;;;;
;;;;;;;;;;;;;;;;;;;;PYHEXTRAVEL;;;;;;;;;;;;;;;;;;;;
;;;;;;;;;;;;;;;;;;;;"QUALADOMINICANA;S,A,";;;;;;;;;;;;;;;;;;;;
;;;;;;;;;;;;;;;;;;;;QUEPETOURS;;;;;;;;;;;;;;;;;;;;
;;;;;;;;;;;;;;;;;;;;QUIAASA;;;;;;;;;;;;;;;;;;;;
;;;;;;;;;;;;;;;;;;;;RAINBOWTOURSS,A,;;;;;;;;;;;;;;;;;;;;
;;;;;;;;;;;;;;;;;;;;RAMALVIAJES;;;;;;;;;;;;;;;;;;;;
;;;;;;;;;;;;;;;;;;;;RAMCASGOCOMERCIALSRL;;;;;;;;;;;;;;;;;;;;
;;;;;;;;;;;;;;;;;;;;RCATURISMO;;;;;;;;;;;;;;;;;;;;
;;;;;;;;;;;;;;;;;;;;RCI;;;;;;;;;;;;;;;;;;;;
;;;;;;;;;;;;;;;;;;;;"RCILATINOAMERICA;S,A,";;;;;;;;;;;;;;;;;;;;
;;;;;;;;;;;;;;;;;;;;"REBOCA;S,L,";;;;;;;;;;;;;;;;;;;;
;;;;;;;;;;;;;;;;;;;;RECORDMID;;;;;;;;;;;;;;;;;;;;
;;;;;;;;;;;;;;;;;;;;RECORDTOUROPERADOR;;;;;;;;;;;;;;;;;;;;
;;;;;;;;;;;;;;;;;;;;RECORRIDOSTURISTICOSCR;;;;;;;;;;;;;;;;;;;;
;;;;;;;;;;;;;;;;;;;;REDLABELVACATIONSINC,DBATRAVELBRANDS;;;;;;;;;;;;;;;;;;;;
;;;;;;;;;;;;;;;;;;;;REFERENCIALABORATORIOCLINICO;;;;;;;;;;;;;;;;;;;;
;;;;;;;;;;;;;;;;;;;;REGIOOPERADORADEVIAJES;;;;;;;;;;;;;;;;;;;;
;;;;;;;;;;;;;;;;;;;;"REGIOOPERADORADEVIAJES;S,A,DEC,V,";;;;;;;;;;;;;;;;;;;;
;;;;;;;;;;;;;;;;;;;;REPRESENTACIONESINTERNACIONALES;;;;;;;;;;;;;;;;;;;;
;;;;;;;;;;;;;;;;;;;;RESERVACIONESNACIONALESDEHOTELES;;;;;;;;;;;;;;;;;;;;
;;;;;;;;;;;;;;;;;;;;RESERVARH,COM;;;;;;;;;;;;;;;;;;;;
;;;;;;;;;;;;;;;;;;;;RESERVASTURISTICAS;;;;;;;;;;;;;;;;;;;;
;;;;;;;;;;;;;;;;;;;;RESERVASYMAS;;;;;;;;;;;;;;;;;;;;
;;;;;;;;;;;;;;;;;;;;REWEAustriaTouristikGmbH;;;;;;;;;;;;;;;;;;;;
;;;;;;;;;;;;;;;;;;;;RGHDOMINICANASRL;;;;;;;;;;;;;;;;;;;;
;;;;;;;;;;;;;;;;;;;;RHMEJIA&COSRL;;;;;;;;;;;;;;;;;;;;
;;;;;;;;;;;;;;;;;;;;RICALEVIAJES;;;;;;;;;;;;;;;;;;;;
;;;;;;;;;;;;;;;;;;;;RISATRAVEL;;;;;;;;;;;;;;;;;;;;
;;;;;;;;;;;;;;;;;;;;RNTENNISACADEMYSL;;;;;;;;;;;;;;;;;;;;
;;;;;;;;;;;;;;;;;;;;ROIBACK(GLOBALOBIS,L,);;;;;;;;;;;;;;;;;;;;
;;;;;;;;;;;;;;;;;;;;ROIBACK(GLOBALOBIS,L,)-DE;;;;;;;;;;;;;;;;;;;;
;;;;;;;;;;;;;;;;;;;;ROMARIOTRAVEL;;;;;;;;;;;;;;;;;;;;
;;;;;;;;;;;;;;;;;;;;ROSEBOROUGHTRAVEL;;;;;;;;;;;;;;;;;;;;
;;;;;;;;;;;;;;;;;;;;ROTEIROS;;;;;;;;;;;;;;;;;;;;
;;;;;;;;;;;;;;;;;;;;ROYALOPERADORA;;;;;;;;;;;;;;;;;;;;
;;;;;;;;;;;;;;;;;;;;ROYALOPERADORAMAYORISTADEVIAJES;;;;;;;;;;;;;;;;;;;;
;;;;;;;;;;;;;;;;;;;;RUMAYACCR;;;;;;;;;;;;;;;;;;;;
;;;;;;;;;;;;;;;;;;;;RUMBATOURS;;;;;;;;;;;;;;;;;;;;
;;;;;;;;;;;;;;;;;;;;RUTAMAYATRAVELSADECV;;;;;;;;;;;;;;;;;;;;
;;;;;;;;;;;;;;;;;;;;"Ryan'sTravelbyDesign;Inc";;;;;;;;;;;;;;;;;;;;
;;;;;;;;;;;;;;;;;;;;S&OELITETRAVELANDCARRENTALAGENCY;;;;;;;;;;;;;;;;;;;;
;;;;;;;;;;;;;;;;;;;;"SACMIDEMEXICO;S,A,DEC,V,";;;;;;;;;;;;;;;;;;;;
;;;;;;;;;;;;;;;;;;;;SAGDESTINOS;;;;;;;;;;;;;;;;;;;;
;;;;;;;;;;;;;;;;;;;;SAHARAVIAJES;;;;;;;;;;;;;;;;;;;;
;;;;;;;;;;;;;;;;;;;;SALESJAMAICA;;;;;;;;;;;;;;;;;;;;
;;;;;;;;;;;;;;;;;;;;SALESKINGSTON;;;;;;;;;;;;;;;;;;;;
;;;;;;;;;;;;;;;;;;;;SANDYVACATIONS;;;;;;;;;;;;;;;;;;;;
;;;;;;;;;;;;;;;;;;;;SASCORPORATEAGENCIADEVIAGENSLTDA-ME;;;;;;;;;;;;;;;;;;;;
;;;;;;;;;;;;;;;;;;;;"SASKIASKYERSADVENTURE;TRAVELANDTOURS";;;;;;;;;;;;;;;;;;;;
;;;;;;;;;;;;;;;;;;;;SCAPE;;;;;;;;;;;;;;;;;;;;
;;;;;;;;;;;;;;;;;;;;SCBTRAVELEXPERIENCE(STEPHANIECOLE);;;;;;;;;;;;;;;;;;;;
;;;;;;;;;;;;;;;;;;;;SCHAUINSLANDREISENGMBH;;;;;;;;;;;;;;;;;;;;
;;;;;;;;;;;;;;;;;;;;SCHULTZVILLETURISMOLTDA-ME;;;;;;;;;;;;;;;;;;;;
;;;;;;;;;;;;;;;;;;;;"SELECCIONDEHOTELES;S,A,DEC,V,";;;;;;;;;;;;;;;;;;;;
;;;;;;;;;;;;;;;;;;;;SELECTWORLDTRAVELGROUP;;;;;;;;;;;;;;;;;;;;
;;;;;;;;;;;;;;;;;;;;SERVICIOSDEVIAJESYTURISMOSA;;;;;;;;;;;;;;;;;;;;
;;;;;;;;;;;;;;;;;;;;SEVEN'STRAVEL;;;;;;;;;;;;;;;;;;;;
;;;;;;;;;;;;;;;;;;;;SEVENTOURSMEXICO;;;;;;;;;;;;;;;;;;;;
;;;;;;;;;;;;;;;;;;;;SFX;;;;;;;;;;;;;;;;;;;;
;;;;;;;;;;;;;;;;;;;;SICPADOMINICANASAS;;;;;;;;;;;;;;;;;;;;
;;;;;;;;;;;;;;;;;;;;SIGATURISMO;;;;;;;;;;;;;;;;;;;;
;;;;;;;;;;;;;;;;;;;;"SIGMAALIMENTOSDOMINICANA;S,A,";;;;;;;;;;;;;;;;;;;;
;;;;;;;;;;;;;;;;;;;;"SIKADOMINICANA;S,A,";;;;;;;;;;;;;;;;;;;;
;;;;;;;;;;;;;;;;;;;;SILVERSTARTRAVELSERVICES;;;;;;;;;;;;;;;;;;;;
;;;;;;;;;;;;;;;;;;;;SISTEMASINTEGRALESDECALLCENTER-GRUPOVDTDOMI;;;;;;;;;;;;;;;;;;;;
;;;;;;;;;;;;;;;;;;;;SITES;;;;;;;;;;;;;;;;;;;;
;;;;;;;;;;;;;;;;;;;;SIUR;;;;;;;;;;;;;;;;;;;;
;;;;;;;;;;;;;;;;;;;;SIURVIAJES;;;;;;;;;;;;;;;;;;;;
;;;;;;;;;;;;;;;;;;;;"SKYTOURSUSA;INC,";;;;;;;;;;;;;;;;;;;;
;;;;;;;;;;;;;;;;;;;;SmartMomsTravel;;;;;;;;;;;;;;;;;;;;
;;;;;;;;;;;;;;;;;;;;SMARTRAVELINGGROUPSRL;;;;;;;;;;;;;;;;;;;;
;;;;;;;;;;;;;;;;;;;;SMWTRAVELHAVEN;;;;;;;;;;;;;;;;;;;;
;;;;;;;;;;;;;;;;;;;;SNOWADVENTURE;;;;;;;;;;;;;;;;;;;;
;;;;;;;;;;;;;;;;;;;;SOCIALMEDIADOMINICANA-GUSTAZOS,COM;;;;;;;;;;;;;;;;;;;;
;;;;;;;;;;;;;;;;;;;;SOCIEDADESPANOLADEMONTAJESINDUSTRIALESS,A,;;;;;;;;;;;;;;;;;;;;
;;;;;;;;;;;;;;;;;;;;SociedadNacionalPecuariaSRL;;;;;;;;;;;;;;;;;;;;
;;;;;;;;;;;;;;;;;;;;SOCIOSCLUB;;;;;;;;;;;;;;;;;;;;
;;;;;;;;;;;;;;;;;;;;SOLDOUTTRAVEL-BLUETDOTS,A,;;;;;;;;;;;;;;;;;;;;
;;;;;;;;;;;;;;;;;;;;SOLESVIAJES;;;;;;;;;;;;;;;;;;;;
;;;;;;;;;;;;;;;;;;;;SOLHPTOURSEIRL;;;;;;;;;;;;;;;;;;;;
;;;;;;;;;;;;;;;;;;;;SOLTROPICO;;;;;;;;;;;;;;;;;;;;
;;;;;;;;;;;;;;;;;;;;SOLWAY(CHILE);;;;;;;;;;;;;;;;;;;;
;;;;;;;;;;;;;;;;;;;;"SOPHISTICATEDVACATIONS;LLP";;;;;;;;;;;;;;;;;;;;
;;;;;;;;;;;;;;;;;;;;SOULTRAVELEROPERADORADETURISMO;;;;;;;;;;;;;;;;;;;;
;;;;;;;;;;;;;;;;;;;;SOUTHNETTURISMOBRASILLTDA(HOTELDO,COM);;;;;;;;;;;;;;;;;;;;
;;;;;;;;;;;;;;;;;;;;SOUTHWESTVACATIONSALG;;;;;;;;;;;;;;;;;;;;
;;;;;;;;;;;;;;;;;;;;STAFFTRAVELVOYAGE;;;;;;;;;;;;;;;;;;;;
;;;;;;;;;;;;;;;;;;;;STAYEATDRINKLLCSHAADIDESTINATIONS;;;;;;;;;;;;;;;;;;;;
;;;;;;;;;;;;;;;;;;;;STSVACATIONS;;;;;;;;;;;;;;;;;;;;
;;;;;;;;;;;;;;;;;;;;SUDAMERIAINCOMINGSOLUTIONS;;;;;;;;;;;;;;;;;;;;
;;;;;;;;;;;;;;;;;;;;SunCountryAirlines;;;;;;;;;;;;;;;;;;;;
;;;;;;;;;;;;;;;;;;;;SUNPARADISE;;;;;;;;;;;;;;;;;;;;
;;;;;;;;;;;;;;;;;;;;SUNSETCARIBBEAN;;;;;;;;;;;;;;;;;;;;
;;;;;;;;;;;;;;;;;;;;SUNWINGTRAVELGROUPINC,;;;;;;;;;;;;;;;;;;;;
;;;;;;;;;;;;;;;;;;;;SUPLITUR;;;;;;;;;;;;;;;;;;;;
;;;;;;;;;;;;;;;;;;;;"SUPNSURF;LLC";;;;;;;;;;;;;;;;;;;;
;;;;;;;;;;;;;;;;;;;;SUPREMEGOLDENRUSHTRAVELSERVICE;;;;;;;;;;;;;;;;;;;;
;;;;;;;;;;;;;;;;;;;;SUPREMESTAYZ;;;;;;;;;;;;;;;;;;;;
;;;;;;;;;;;;;;;;;;;;SWANTURISMO;;;;;;;;;;;;;;;;;;;;
;;;;;;;;;;;;;;;;;;;;SYSTEMAGUASCALIENTES;;;;;;;;;;;;;;;;;;;;
;;;;;;;;;;;;;;;;;;;;T&LAGENCIADEVIAGENSETURISMOLTDA;;;;;;;;;;;;;;;;;;;;
;;;;;;;;;;;;;;;;;;;;TAKEATRIPJA;;;;;;;;;;;;;;;;;;;;
;;;;;;;;;;;;;;;;;;;;TAMVIAGENS;;;;;;;;;;;;;;;;;;;;
;;;;;;;;;;;;;;;;;;;;"TAPIPELINE;LLC";;;;;;;;;;;;;;;;;;;;
;;;;;;;;;;;;;;;;;;;;TBDTRAVELSERVICES;;;;;;;;;;;;;;;;;;;;
;;;;;;;;;;;;;;;;;;;;TECNOMAQUINARIASDIESEL;;;;;;;;;;;;;;;;;;;;
;;;;;;;;;;;;;;;;;;;;TEMPOTOURSPERU;;;;;;;;;;;;;;;;;;;;
;;;;;;;;;;;;;;;;;;;;TERRACHEM;;;;;;;;;;;;;;;;;;;;
;;;;;;;;;;;;;;;;;;;;TerraNovaOperadora;;;;;;;;;;;;;;;;;;;;
;;;;;;;;;;;;;;;;;;;;TERRANOVATURISMO;;;;;;;;;;;;;;;;;;;;
;;;;;;;;;;;;;;;;;;;;TERRATOURISMGROUP;;;;;;;;;;;;;;;;;;;;
;;;;;;;;;;;;;;;;;;;;TERRITORIOVIAGENS;;;;;;;;;;;;;;;;;;;;
;;;;;;;;;;;;;;;;;;;;"TESATAPECENTROAMERICA;S,A,";;;;;;;;;;;;;;;;;;;;
;;;;;;;;;;;;;;;;;;;;THEAPPOINTMENTGROUP;;;;;;;;;;;;;;;;;;;;
;;;;;;;;;;;;;;;;;;;;THEESTREETTOURS;;;;;;;;;;;;;;;;;;;;
;;;;;;;;;;;;;;;;;;;;THEMOUSEDETECTIVES;;;;;;;;;;;;;;;;;;;;
;;;;;;;;;;;;;;;;;;;;"TheSmartFlyer;Inc,";;;;;;;;;;;;;;;;;;;;
;;;;;;;;;;;;;;;;;;;;THETRAVELAGENTNEXTDOORINC;;;;;;;;;;;;;;;;;;;;
;;;;;;;;;;;;;;;;;;;;THETRAVELCLUB(NIEUWAMSTERDAM);;;;;;;;;;;;;;;;;;;;
;;;;;;;;;;;;;;;;;;;;THETRAVELSTORE;;;;;;;;;;;;;;;;;;;;
;;;;;;;;;;;;;;;;;;;;THETRAVELTEAMDALLAS;;;;;;;;;;;;;;;;;;;;
;;;;;;;;;;;;;;;;;;;;THOMASHOGANTRAVELNOIREPASSPORTEXPERIENCES;;;;;;;;;;;;;;;;;;;;
;;;;;;;;;;;;;;;;;;;;THOMSONGROUP/TUIUKLTD;;;;;;;;;;;;;;;;;;;;
;;;;;;;;;;;;;;;;;;;;TINFLEXSRL;;;;;;;;;;;;;;;;;;;;
;;;;;;;;;;;;;;;;;;;;TKTMASOPERADORAS,A,DEC,V,;;;;;;;;;;;;;;;;;;;;
;;;;;;;;;;;;;;;;;;;;TOPDEST;;;;;;;;;;;;;;;;;;;;
;;;;;;;;;;;;;;;;;;;;TOPTIERTRAVEL;;;;;;;;;;;;;;;;;;;;
;;;;;;;;;;;;;;;;;;;;TOPTOUR(URUGAY)/HIPERVIAJESSA;;;;;;;;;;;;;;;;;;;;
;;;;;;;;;;;;;;;;;;;;TOPTOUR(URUGUAY)/HIPERVIAJESSA;;;;;;;;;;;;;;;;;;;;
;;;;;;;;;;;;;;;;;;;;TOTALTRAVELSERVICE;;;;;;;;;;;;;;;;;;;;
;;;;;;;;;;;;;;;;;;;;TotalTravelServicesLtd,;;;;;;;;;;;;;;;;;;;;
;;;;;;;;;;;;;;;;;;;;TOURMUNDIALOPERADORESS,A;;;;;;;;;;;;;;;;;;;;
;;;;;;;;;;;;;;;;;;;;TOURNETENTERPRISE;;;;;;;;;;;;;;;;;;;;
;;;;;;;;;;;;;;;;;;;;TOUROPERADORAZABACHE;;;;;;;;;;;;;;;;;;;;
;;;;;;;;;;;;;;;;;;;;"TOUROPERADORAZABACHE;S,DER,L,DEC,V,";;;;;;;;;;;;;;;;;;;;
;;;;;;;;;;;;;;;;;;;;TOURPINTRAVELAGENCY;;;;;;;;;;;;;;;;;;;;
;;;;;;;;;;;;;;;;;;;;TOURSBYMEL;;;;;;;;;;;;;;;;;;;;
;;;;;;;;;;;;;;;;;;;;TOURSLIMITED;;;;;;;;;;;;;;;;;;;;
;;;;;;;;;;;;;;;;;;;;TOURSUPPLYTRAVELAGENCY;;;;;;;;;;;;;;;;;;;;
;;;;;;;;;;;;;;;;;;;;TOWERTRAVEL;;;;;;;;;;;;;;;;;;;;
;;;;;;;;;;;;;;;;;;;;TRAFALGARTRAVEL;;;;;;;;;;;;;;;;;;;;
;;;;;;;;;;;;;;;;;;;;"TRAMERIASYSOLUCIONESDEALMACENAJETSA;SRL";;;;;;;;;;;;;;;;;;;;
;;;;;;;;;;;;;;;;;;;;TRANQUILTRAVELDESTINATIONS;;;;;;;;;;;;;;;;;;;;
;;;;;;;;;;;;;;;;;;;;TRANSPORTESYSERVICIOSCONCORDBUSLINESADECV;;;;;;;;;;;;;;;;;;;;
;;;;;;;;;;;;;;;;;;;;TRAVCOLDT;;;;;;;;;;;;;;;;;;;;
;;;;;;;;;;;;;;;;;;;;TRAVEL&LOVETT;;;;;;;;;;;;;;;;;;;;
;;;;;;;;;;;;;;;;;;;;TRAVEL&RESORTMAYORISTASAS;;;;;;;;;;;;;;;;;;;;
;;;;;;;;;;;;;;;;;;;;TRAVELAGENTCANADA;;;;;;;;;;;;;;;;;;;;
;;;;;;;;;;;;;;;;;;;;TRAVELAGENTLATAM;;;;;;;;;;;;;;;;;;;;
;;;;;;;;;;;;;;;;;;;;TRAVELAGENTUSA;;;;;;;;;;;;;;;;;;;;
;;;;;;;;;;;;;;;;;;;;TRAVELAWAYCHILE;;;;;;;;;;;;;;;;;;;;
;;;;;;;;;;;;;;;;;;;;TRAVELBYGAGNON;;;;;;;;;;;;;;;;;;;;
;;;;;;;;;;;;;;;;;;;;"TRAVELCENTERTRAVELPROMOTIONS;INC";;;;;;;;;;;;;;;;;;;;
;;;;;;;;;;;;;;;;;;;;TRAVELEXPERTS;;;;;;;;;;;;;;;;;;;;
;;;;;;;;;;;;;;;;;;;;TRAVELIMPRESSIONSALG;;;;;;;;;;;;;;;;;;;;
;;;;;;;;;;;;;;;;;;;;TRAVELMATIONLLC;;;;;;;;;;;;;;;;;;;;
;;;;;;;;;;;;;;;;;;;;TRAVELMATTERSJA;;;;;;;;;;;;;;;;;;;;
;;;;;;;;;;;;;;;;;;;;TRAVELNOUVIATGESS,L,;;;;;;;;;;;;;;;;;;;;
;;;;;;;;;;;;;;;;;;;;TRAVELONLY;;;;;;;;;;;;;;;;;;;;
;;;;;;;;;;;;;;;;;;;;TRAVELPACKMARKETING&LEISURESERVICES;;;;;;;;;;;;;;;;;;;;
;;;;;;;;;;;;;;;;;;;;TRAVELPLACEDEGUATEMALAS,A,;;;;;;;;;;;;;;;;;;;;
;;;;;;;;;;;;;;;;;;;;"TRAVELPLANBUSINESS;SAU";;;;;;;;;;;;;;;;;;;;
;;;;;;;;;;;;;;;;;;;;TRAVELPLANNERSINTERNATIONALINC;;;;;;;;;;;;;;;;;;;;
;;;;;;;;;;;;;;;;;;;;TRAVELPROFESSIONALSINTL;;;;;;;;;;;;;;;;;;;;
;;;;;;;;;;;;;;;;;;;;TRAVELQUESTWOODBURY;;;;;;;;;;;;;;;;;;;;
;;;;;;;;;;;;;;;;;;;;TRAVELRITE;;;;;;;;;;;;;;;;;;;;
;;;;;;;;;;;;;;;;;;;;"TRAVELSCAPE;LLC";;;;;;;;;;;;;;;;;;;;
;;;;;;;;;;;;;;;;;;;;TRAVELSENS-BARCELOVIAJES,;;;;;;;;;;;;;;;;;;;;
;;;;;;;;;;;;;;;;;;;;"TRAVELTINO;S,A,";;;;;;;;;;;;;;;;;;;;
;;;;;;;;;;;;;;;;;;;;TRAVELTINO2009S,L,U,;;;;;;;;;;;;;;;;;;;;
;;;;;;;;;;;;;;;;;;;;TRAVELWISE;;;;;;;;;;;;;;;;;;;;
;;;;;;;;;;;;;;;;;;;;TRAVELZAPINC,USA;;;;;;;;;;;;;;;;;;;;
;;;;;;;;;;;;;;;;;;;;TRAVORIUM;;;;;;;;;;;;;;;;;;;;
;;;;;;;;;;;;;;;;;;;;TRAYECTOUNOS,A,;;;;;;;;;;;;;;;;;;;;
;;;;;;;;;;;;;;;;;;;;TRENDINGTOURS;;;;;;;;;;;;;;;;;;;;
;;;;;;;;;;;;;;;;;;;;TRENDOPERADORA;;;;;;;;;;;;;;;;;;;;
;;;;;;;;;;;;;;;;;;;;TRIBUNALCONSTITUCIONALRD;;;;;;;;;;;;;;;;;;;;
;;;;;;;;;;;;;;;;;;;;TRIPGUYTRAVELLLC;;;;;;;;;;;;;;;;;;;;
;;;;;;;;;;;;;;;;;;;;TRIPINO,MAJORTRAVELPLC;;;;;;;;;;;;;;;;;;;;
;;;;;;;;;;;;;;;;;;;;TRITECHREPUBLICADOMINICANASAS;;;;;;;;;;;;;;;;;;;;
;;;;;;;;;;;;;;;;;;;;TROPICALSUNTOURSSp,zo,o;;;;;;;;;;;;;;;;;;;;
;;;;;;;;;;;;;;;;;;;;TROPICALTOURLIMITADA;;;;;;;;;;;;;;;;;;;;
;;;;;;;;;;;;;;;;;;;;TROTAMUNDOSREPSSAC;;;;;;;;;;;;;;;;;;;;
;;;;;;;;;;;;;;;;;;;;TRYADDCOMSRL;;;;;;;;;;;;;;;;;;;;
;;;;;;;;;;;;;;;;;;;;TSKREPUBLICADOMINICANASRL;;;;;;;;;;;;;;;;;;;;
;;;;;;;;;;;;;;;;;;;;"TTSVIAJES;S,A,";;;;;;;;;;;;;;;;;;;;
;;;;;;;;;;;;;;;;;;;;TTSVIAJESARGENTINAPATRICIADIAZ;;;;;;;;;;;;;;;;;;;;
;;;;;;;;;;;;;;;;;;;;TUIBELGICA;;;;;;;;;;;;;;;;;;;;
;;;;;;;;;;;;;;;;;;;;TUIDEUTSCHLANDGMBH;;;;;;;;;;;;;;;;;;;;
;;;;;;;;;;;;;;;;;;;;TUIDOMINICANASAS;;;;;;;;;;;;;;;;;;;;
;;;;;;;;;;;;;;;;;;;;TUINEDERLAND;;;;;;;;;;;;;;;;;;;;
;;;;;;;;;;;;;;;;;;;;TUIPOLANDSp,z,o,o;;;;;;;;;;;;;;;;;;;;
;;;;;;;;;;;;;;;;;;;;TUISPAIN;;;;;;;;;;;;;;;;;;;;
;;;;;;;;;;;;;;;;;;;;TUISUISSE2023;;;;;;;;;;;;;;;;;;;;
;;;;;;;;;;;;;;;;;;;;TUISUISSELtd,;;;;;;;;;;;;;;;;;;;;
;;;;;;;;;;;;;;;;;;;;TURASER(VE);;;;;;;;;;;;;;;;;;;;
;;;;;;;;;;;;;;;;;;;;TUREDUARSA;;;;;;;;;;;;;;;;;;;;
;;;;;;;;;;;;;;;;;;;;"TURENLACESDELCARIBE;S,A,";;;;;;;;;;;;;;;;;;;;
;;;;;;;;;;;;;;;;;;;;TURESERVA,COMS,A,S;;;;;;;;;;;;;;;;;;;;
;;;;;;;;;;;;;;;;;;;;TurismoalVuelo;;;;;;;;;;;;;;;;;;;;
;;;;;;;;;;;;;;;;;;;;TURISMOTONYPEREZ;;;;;;;;;;;;;;;;;;;;
;;;;;;;;;;;;;;;;;;;;TURISTICOSKEOPS;;;;;;;;;;;;;;;;;;;;
;;;;;;;;;;;;;;;;;;;;TWOPINEAPPLESINPARADISE;;;;;;;;;;;;;;;;;;;;
;;;;;;;;;;;;;;;;;;;;UNIGLOBECAREFREETRAVELLIMITED;;;;;;;;;;;;;;;;;;;;
;;;;;;;;;;;;;;;;;;;;UNILATTRANSPORTES&TURISMO;;;;;;;;;;;;;;;;;;;;
;;;;;;;;;;;;;;;;;;;;UNIONMISIONDOMINICANADELOSADVENTISTASDELSEP;;;;;;;;;;;;;;;;;;;;
;;;;;;;;;;;;;;;;;;;;UNIQUELYYOURSVACATIONTRAVELS;;;;;;;;;;;;;;;;;;;;
;;;;;;;;;;;;;;;;;;;;UNITEDVACATIONSALG;;;;;;;;;;;;;;;;;;;;
;;;;;;;;;;;;;;;;;;;;UniversalGROUPLtda;;;;;;;;;;;;;;;;;;;;
;;;;;;;;;;;;;;;;;;;;UNIVERSIDADAUTONOMADESANTODOMINGO;;;;;;;;;;;;;;;;;;;;
;;;;;;;;;;;;;;;;;;;;UNIVERSIDADNACPHENRIQUEZU;;;;;;;;;;;;;;;;;;;;
;;;;;;;;;;;;;;;;;;;;UNLIMITEDCONNECTIONS;;;;;;;;;;;;;;;;;;;;
;;;;;;;;;;;;;;;;;;;;VACACIONESJODALI;;;;;;;;;;;;;;;;;;;;
;;;;;;;;;;;;;;;;;;;;VACACIONESTOUROPERADOR;;;;;;;;;;;;;;;;;;;;
;;;;;;;;;;;;;;;;;;;;VACACIONESVTOSADECV;;;;;;;;;;;;;;;;;;;;
;;;;;;;;;;;;;;;;;;;;VACACIONESWAOSRL;;;;;;;;;;;;;;;;;;;;
;;;;;;;;;;;;;;;;;;;;VACAEBOOKINGSLIMITED;;;;;;;;;;;;;;;;;;;;
;;;;;;;;;;;;;;;;;;;;VACANCESAIRTRANSATTOURSCANADAINC,;;;;;;;;;;;;;;;;;;;;
;;;;;;;;;;;;;;;;;;;;VACATIONBYDESTINATIONZRECAP;;;;;;;;;;;;;;;;;;;;
;;;;;;;;;;;;;;;;;;;;VACATIONEXPRESS;;;;;;;;;;;;;;;;;;;;
;;;;;;;;;;;;;;;;;;;;"VACATIONFORLESS;Inc,";;;;;;;;;;;;;;;;;;;;
;;;;;;;;;;;;;;;;;;;;VacationShopDRSRL;;;;;;;;;;;;;;;;;;;;
;;;;;;;;;;;;;;;;;;;;VALENZUELAPRODUCTION;;;;;;;;;;;;;;;;;;;;
;;;;;;;;;;;;;;;;;;;;"VARIETAL;S,A,";;;;;;;;;;;;;;;;;;;;
;;;;;;;;;;;;;;;;;;;;VAXHOTELVACATIONSALG;;;;;;;;;;;;;;;;;;;;
;;;;;;;;;;;;;;;;;;;;VEHICULOSCOMERCIALESSCADOMSRL;;;;;;;;;;;;;;;;;;;;
;;;;;;;;;;;;;;;;;;;;VENTASDF/MEXICO;;;;;;;;;;;;;;;;;;;;
;;;;;;;;;;;;;;;;;;;;VentasGuadalajara;;;;;;;;;;;;;;;;;;;;
;;;;;;;;;;;;;;;;;;;;VentasMonterrey;;;;;;;;;;;;;;;;;;;;
;;;;;;;;;;;;;;;;;;;;VENTASRIVIERAMAYA;;;;;;;;;;;;;;;;;;;;
;;;;;;;;;;;;;;;;;;;;VentasVallarta;;;;;;;;;;;;;;;;;;;;
;;;;;;;;;;;;;;;;;;;;VIACLUBLTDA;;;;;;;;;;;;;;;;;;;;
;;;;;;;;;;;;;;;;;;;;VIAGENSPROMO;;;;;;;;;;;;;;;;;;;;
;;;;;;;;;;;;;;;;;;;;VIAJARBARATOVIAGENSETURISMOS/A;;;;;;;;;;;;;;;;;;;;
;;;;;;;;;;;;;;;;;;;;VIAJAREGRUPOCLASSTOURSSAPIDECV;;;;;;;;;;;;;;;;;;;;
;;;;;;;;;;;;;;;;;;;;"VIAJESAGT;S,R,L";;;;;;;;;;;;;;;;;;;;
;;;;;;;;;;;;;;;;;;;;VIAJESALKASA;;;;;;;;;;;;;;;;;;;;
;;;;;;;;;;;;;;;;;;;;VIAJESATALAYAS,A;;;;;;;;;;;;;;;;;;;;
;;;;;;;;;;;;;;;;;;;;VIAJESHALLEY;;;;;;;;;;;;;;;;;;;;
;;;;;;;;;;;;;;;;;;;;VIAJESLIBRATUR-iTRAVEX;;;;;;;;;;;;;;;;;;;;
;;;;;;;;;;;;;;;;;;;;VIAJESLOGITUR;;;;;;;;;;;;;;;;;;;;
;;;;;;;;;;;;;;;;;;;;VIAJESMADRONO;;;;;;;;;;;;;;;;;;;;
;;;;;;;;;;;;;;;;;;;;VIAJESMUNDOACTUR;;;;;;;;;;;;;;;;;;;;
;;;;;;;;;;;;;;;;;;;;VIAJESMUNDOATRAVES;;;;;;;;;;;;;;;;;;;;
;;;;;;;;;;;;;;;;;;;;"VIAJESSOLTOUR;S,A,";;;;;;;;;;;;;;;;;;;;
;;;;;;;;;;;;;;;;;;;;VIAJESTRAVELERO;;;;;;;;;;;;;;;;;;;;
;;;;;;;;;;;;;;;;;;;;VIAJESYCONGRESOSDELNORTES,A,DEC,V,;;;;;;;;;;;;;;;;;;;;
;;;;;;;;;;;;;;;;;;;;VIAJESYEVENTOSDELCARIBE;;;;;;;;;;;;;;;;;;;;
;;;;;;;;;;;;;;;;;;;;VIAJOMEXICO,COM;;;;;;;;;;;;;;;;;;;;
;;;;;;;;;;;;;;;;;;;;VIALAT;;;;;;;;;;;;;;;;;;;;
;;;;;;;;;;;;;;;;;;;;VIALOJAR;;;;;;;;;;;;;;;;;;;;
;;;;;;;;;;;;;;;;;;;;VIPLOYALTYSRL;;;;;;;;;;;;;;;;;;;;
;;;;;;;;;;;;;;;;;;;;VIPVACATIONS(Caribe);;;;;;;;;;;;;;;;;;;;
;;;;;;;;;;;;;;;;;;;;VIRGINHOLIDAYSLIMITED;;;;;;;;;;;;;;;;;;;;
;;;;;;;;;;;;;;;;;;;;VISIONTRAVELTORONTO;;;;;;;;;;;;;;;;;;;;
;;;;;;;;;;;;;;;;;;;;VISIONTRUST;;;;;;;;;;;;;;;;;;;;
;;;;;;;;;;;;;;;;;;;;VISUALTURISMOLTDA;;;;;;;;;;;;;;;;;;;;
;;;;;;;;;;;;;;;;;;;;VIVACATIONJA;;;;;;;;;;;;;;;;;;;;
;;;;;;;;;;;;;;;;;;;;VIVEMEXICODMC;;;;;;;;;;;;;;;;;;;;
;;;;;;;;;;;;;;;;;;;;VIVEMEXICODMC-ITALIA;;;;;;;;;;;;;;;;;;;;
;;;;;;;;;;;;;;;;;;;;VOLARE-PISTA4;;;;;;;;;;;;;;;;;;;;
;;;;;;;;;;;;;;;;;;;;VOYAGEPRIVEFRANCIASARL;;;;;;;;;;;;;;;;;;;;
;;;;;;;;;;;;;;;;;;;;VOYAGEPRIVEUKLTD;;;;;;;;;;;;;;;;;;;;
;;;;;;;;;;;;;;;;;;;;VOYAGESCORTRAVCOINC,;;;;;;;;;;;;;;;;;;;;
;;;;;;;;;;;;;;;;;;;;VOYAGESELYSEEINC;;;;;;;;;;;;;;;;;;;;
;;;;;;;;;;;;;;;;;;;;VOYAGESISANA;;;;;;;;;;;;;;;;;;;;
;;;;;;;;;;;;;;;;;;;;WAIKIKITOURSDIANACAROLINAJAIMESAUCEDO;;;;;;;;;;;;;;;;;;;;
;;;;;;;;;;;;;;;;;;;;WamosAirS,A,;;;;;;;;;;;;;;;;;;;;
;;;;;;;;;;;;;;;;;;;;WELCOMEINCOMINGTENERIFEONLINE;;;;;;;;;;;;;;;;;;;;
;;;;;;;;;;;;;;;;;;;;WELCOMETRIPS;;;;;;;;;;;;;;;;;;;;
;;;;;;;;;;;;;;;;;;;;WELCOMETRIPS(WTAGENCIADEVIAGENSETURISMOLTD;;;;;;;;;;;;;;;;;;;;
;;;;;;;;;;;;;;;;;;;;WELOVEHOLIDAYSLIMITEDNoroesteEuropa;;;;;;;;;;;;;;;;;;;;
;;;;;;;;;;;;;;;;;;;;WEMBRASILOPERADORADETURISMO;;;;;;;;;;;;;;;;;;;;
;;;;;;;;;;;;;;;;;;;;WESTCENTRALOPERADORA;;;;;;;;;;;;;;;;;;;;
;;;;;;;;;;;;;;;;;;;;WESTJETVACATIONS;;;;;;;;;;;;;;;;;;;;
;;;;;;;;;;;;;;;;;;;;WESTWINDTRAVELSERVICE;;;;;;;;;;;;;;;;;;;;
;;;;;;;;;;;;;;;;;;;;WishfulWanderingsTravel;;;;;;;;;;;;;;;;;;;;
;;;;;;;;;;;;;;;;;;;;"WORLD2MEET;S,L,U,(Online)";;;;;;;;;;;;;;;;;;;;
;;;;;;;;;;;;;;;;;;;;WORLD2MEETTRAVEL(CORENDON);;;;;;;;;;;;;;;;;;;;
;;;;;;;;;;;;;;;;;;;;"WORLD2MEETTRAVEL;L,D,A,(PT-MED)";;;;;;;;;;;;;;;;;;;;
;;;;;;;;;;;;;;;;;;;;"WORLD2MEETTRAVEL;SLU(ES-MED)";;;;;;;;;;;;;;;;;;;;
;;;;;;;;;;;;;;;;;;;;WORLDEXPERIENCESXLAPARA;;;;;;;;;;;;;;;;;;;;
;;;;;;;;;;;;;;;;;;;;WORLDPASS;;;;;;;;;;;;;;;;;;;;
;;;;;;;;;;;;;;;;;;;;WORLDTRAVELSPECIALISTSDELAWARE;;;;;;;;;;;;;;;;;;;;
;;;;;;;;;;;;;;;;;;;;WORLDVIEWTRAVELNEWYORK;;;;;;;;;;;;;;;;;;;;
;;;;;;;;;;;;;;;;;;;;WRIGHTTRAVELGREENBRAE;;;;;;;;;;;;;;;;;;;;
;;;;;;;;;;;;;;;;;;;;"WYNDHAMHOTELS&RESORTS;INC,";;;;;;;;;;;;;;;;;;;;
;;;;;;;;;;;;;;;;;;;;"WyndhamHotels&Resorts;Inc,REWARDS";;;;;;;;;;;;;;;;;;;;
;;;;;;;;;;;;;;;;;;;;XANADUTRAVELLLC;;;;;;;;;;;;;;;;;;;;
;;;;;;;;;;;;;;;;;;;;Y&M'STRAVELSTATION;;;;;;;;;;;;;;;;;;;;
;;;;;;;;;;;;;;;;;;;;YTBTRAVELNETWORKOFCANADA;;;;;;;;;;;;;;;;;;;;
;;;;;;;;;;;;;;;;;;;;ZARPOVIAGENS;;;;;;;;;;;;;;;;;;;;
;;;;;;;;;;;;;;;;;;;;ZONAPATAGONIA;;;;;;;;;;;;;;;;;;;;
;;;;;;;;;;;;;;;;;;;;ZRVVIAGENSETURISMOLTDA,-ME;;;;;;;;;;;;;;;;;;;;
